[
	{
		"UserID": "1691122278699",
		"ElevationAvg": 688,
		"ElevationMax": 754,
		"ElevationMin": 22,
		"CycleType": "road",
		"CyclistLevel": "casual",
		"TimeAvailable": 399,
		"BikeLane": "true",
		"BikeTrail": "true",
		"ReturnRoute": "true",
		"ReducedTraffic": "true",
		"RouteLocationPreference": "city",
		"Priority": "RouteLocationPreference, BikeTrail, ReducedTraffic, BikeLane, CycleType, ReturnRoute, CyclistLevel"
	},
	{
		"UserID": "1631082256299",
		"ElevationAvg": 690,
		"ElevationMax": 237,
		"ElevationMin": 5,
		"CycleType": "road",
		"CyclistLevel": "casual",
		"TimeAvailable": 112,
		"BikeLane": "true",
		"BikeTrail": "true",
		"ReturnRoute": "true",
		"ReducedTraffic": "true",
		"RouteLocationPreference": "city",
		"Priority": "CyclistLevel, CycleType, BikeLane, RouteLocationPreference, BikeTrail, ReducedTraffic, ReturnRoute"
	},
	{
		"UserID": "1627092925299",
		"ElevationAvg": 977,
		"ElevationMax": 164,
		"ElevationMin": 65,
		"CycleType": "road",
		"CyclistLevel": "casual",
		"TimeAvailable": 46,
		"BikeLane": "true",
		"BikeTrail": "true",
		"ReturnRoute": "true",
		"ReducedTraffic": "true",
		"RouteLocationPreference": "city",
		"Priority": "BikeTrail, CyclistLevel, CycleType, ReturnRoute, RouteLocationPreference, BikeLane, ReducedTraffic"
	},
	{
		"UserID": "1665061656199",
		"ElevationAvg": 701,
		"ElevationMax": 635,
		"ElevationMin": 73,
		"CycleType": "road",
		"CyclistLevel": "casual",
		"TimeAvailable": 372,
		"BikeLane": "true",
		"BikeTrail": "true",
		"ReturnRoute": "true",
		"ReducedTraffic": "true",
		"RouteLocationPreference": "city",
		"Priority": "RouteLocationPreference, CyclistLevel, ReducedTraffic, BikeLane, ReturnRoute, BikeTrail, CycleType"
	},
	{
		"UserID": "1668042089499",
		"ElevationAvg": 816,
		"ElevationMax": 557,
		"ElevationMin": 14,
		"CycleType": "road",
		"CyclistLevel": "casual",
		"TimeAvailable": 179,
		"BikeLane": "true",
		"BikeTrail": "true",
		"ReturnRoute": "true",
		"ReducedTraffic": "true",
		"RouteLocationPreference": "city",
		"Priority": "ReducedTraffic, CyclistLevel, ReturnRoute, BikeTrail, RouteLocationPreference, CycleType, BikeLane"
	},
	{
		"UserID": "1691090622299",
		"ElevationAvg": 850,
		"ElevationMax": 975,
		"ElevationMin": 20,
		"CycleType": "road",
		"CyclistLevel": "casual",
		"TimeAvailable": 78,
		"BikeLane": "true",
		"BikeTrail": "true",
		"ReturnRoute": "true",
		"ReducedTraffic": "true",
		"RouteLocationPreference": "city",
		"Priority": "CyclistLevel, BikeLane, BikeTrail, CycleType, ReturnRoute, RouteLocationPreference, ReducedTraffic"
	},
	{
		"UserID": "1641060794099",
		"ElevationAvg": 129,
		"ElevationMax": 443,
		"ElevationMin": 76,
		"CycleType": "road",
		"CyclistLevel": "casual",
		"TimeAvailable": 299,
		"BikeLane": "true",
		"BikeTrail": "true",
		"ReturnRoute": "true",
		"ReducedTraffic": "true",
		"RouteLocationPreference": "city",
		"Priority": "CyclistLevel, BikeTrail, RouteLocationPreference, ReducedTraffic, ReturnRoute, BikeLane, CycleType"
	},
	{
		"UserID": "1607011036699",
		"ElevationAvg": 477,
		"ElevationMax": 464,
		"ElevationMin": 56,
		"CycleType": "road",
		"CyclistLevel": "casual",
		"TimeAvailable": 86,
		"BikeLane": "true",
		"BikeTrail": "true",
		"ReturnRoute": "true",
		"ReducedTraffic": "true",
		"RouteLocationPreference": "city",
		"Priority": "BikeLane, BikeTrail, ReducedTraffic, RouteLocationPreference, ReturnRoute, CyclistLevel, CycleType"
	},
	{
		"UserID": "1641101371599",
		"ElevationAvg": 911,
		"ElevationMax": 697,
		"ElevationMin": 62,
		"CycleType": "road",
		"CyclistLevel": "casual",
		"TimeAvailable": 264,
		"BikeLane": "true",
		"BikeTrail": "true",
		"ReturnRoute": "true",
		"ReducedTraffic": "true",
		"RouteLocationPreference": "city",
		"Priority": "CyclistLevel, BikeLane, ReducedTraffic, CycleType, ReturnRoute, BikeTrail, RouteLocationPreference"
	},
	{
		"UserID": "1612090198499",
		"ElevationAvg": 367,
		"ElevationMax": 667,
		"ElevationMin": 50,
		"CycleType": "road",
		"CyclistLevel": "casual",
		"TimeAvailable": 340,
		"BikeLane": "true",
		"BikeTrail": "true",
		"ReturnRoute": "true",
		"ReducedTraffic": "true",
		"RouteLocationPreference": "city",
		"Priority": "CycleType, ReducedTraffic, RouteLocationPreference, BikeLane, ReturnRoute, CyclistLevel, BikeTrail"
	},
	{
		"UserID": "1638012031099",
		"ElevationAvg": 778,
		"ElevationMax": 963,
		"ElevationMin": 74,
		"CycleType": "road",
		"CyclistLevel": "casual",
		"TimeAvailable": 180,
		"BikeLane": "true",
		"BikeTrail": "true",
		"ReturnRoute": "true",
		"ReducedTraffic": "true",
		"RouteLocationPreference": "city",
		"Priority": "BikeLane, CycleType, CyclistLevel, BikeTrail, ReducedTraffic, RouteLocationPreference, ReturnRoute"
	},
	{
		"UserID": "1621082705799",
		"ElevationAvg": 959,
		"ElevationMax": 451,
		"ElevationMin": 71,
		"CycleType": "road",
		"CyclistLevel": "casual",
		"TimeAvailable": 373,
		"BikeLane": "true",
		"BikeTrail": "true",
		"ReturnRoute": "true",
		"ReducedTraffic": "true",
		"RouteLocationPreference": "city",
		"Priority": "CycleType, ReturnRoute, RouteLocationPreference, ReducedTraffic, BikeTrail, CyclistLevel, BikeLane"
	},
	{
		"UserID": "1690120125599",
		"ElevationAvg": 294,
		"ElevationMax": 206,
		"ElevationMin": 81,
		"CycleType": "road",
		"CyclistLevel": "casual",
		"TimeAvailable": 169,
		"BikeLane": "true",
		"BikeTrail": "true",
		"ReturnRoute": "true",
		"ReducedTraffic": "true",
		"RouteLocationPreference": "city",
		"Priority": "CycleType, BikeTrail, CyclistLevel, BikeLane, ReducedTraffic, RouteLocationPreference, ReturnRoute"
	},
	{
		"UserID": "1668102012799",
		"ElevationAvg": 672,
		"ElevationMax": 771,
		"ElevationMin": 30,
		"CycleType": "road",
		"CyclistLevel": "casual",
		"TimeAvailable": 221,
		"BikeLane": "true",
		"BikeTrail": "true",
		"ReturnRoute": "true",
		"ReducedTraffic": "true",
		"RouteLocationPreference": "city",
		"Priority": "CyclistLevel, RouteLocationPreference, ReducedTraffic, BikeLane, ReturnRoute, BikeTrail, CycleType"
	},
	{
		"UserID": "1646100394199",
		"ElevationAvg": 757,
		"ElevationMax": 252,
		"ElevationMin": 41,
		"CycleType": "road",
		"CyclistLevel": "casual",
		"TimeAvailable": 196,
		"BikeLane": "true",
		"BikeTrail": "true",
		"ReturnRoute": "true",
		"ReducedTraffic": "true",
		"RouteLocationPreference": "city",
		"Priority": "ReducedTraffic, RouteLocationPreference, BikeLane, BikeTrail, ReturnRoute, CyclistLevel, CycleType"
	},
	{
		"UserID": "1654041633799",
		"ElevationAvg": 971,
		"ElevationMax": 183,
		"ElevationMin": 80,
		"CycleType": "road",
		"CyclistLevel": "casual",
		"TimeAvailable": 362,
		"BikeLane": "true",
		"BikeTrail": "true",
		"ReturnRoute": "true",
		"ReducedTraffic": "true",
		"RouteLocationPreference": "city",
		"Priority": "RouteLocationPreference, ReturnRoute, CyclistLevel, BikeLane, CycleType, BikeTrail, ReducedTraffic"
	},
	{
		"UserID": "1686081522099",
		"ElevationAvg": 690,
		"ElevationMax": 680,
		"ElevationMin": 22,
		"CycleType": "road",
		"CyclistLevel": "casual",
		"TimeAvailable": 320,
		"BikeLane": "true",
		"BikeTrail": "true",
		"ReturnRoute": "true",
		"ReducedTraffic": "true",
		"RouteLocationPreference": "city",
		"Priority": "CycleType, BikeLane, ReducedTraffic, CyclistLevel, RouteLocationPreference, BikeTrail, ReturnRoute"
	},
	{
		"UserID": "1624042491199",
		"ElevationAvg": 396,
		"ElevationMax": 140,
		"ElevationMin": 47,
		"CycleType": "road",
		"CyclistLevel": "casual",
		"TimeAvailable": 307,
		"BikeLane": "true",
		"BikeTrail": "true",
		"ReturnRoute": "true",
		"ReducedTraffic": "true",
		"RouteLocationPreference": "city",
		"Priority": "RouteLocationPreference, ReducedTraffic, BikeTrail, ReturnRoute, BikeLane, CyclistLevel, CycleType"
	},
	{
		"UserID": "1664030243899",
		"ElevationAvg": 131,
		"ElevationMax": 628,
		"ElevationMin": 45,
		"CycleType": "road",
		"CyclistLevel": "casual",
		"TimeAvailable": 140,
		"BikeLane": "true",
		"BikeTrail": "true",
		"ReturnRoute": "true",
		"ReducedTraffic": "true",
		"RouteLocationPreference": "city",
		"Priority": "ReducedTraffic, BikeTrail, ReturnRoute, RouteLocationPreference, CycleType, BikeLane, CyclistLevel"
	},
	{
		"UserID": "1667120777699",
		"ElevationAvg": 529,
		"ElevationMax": 557,
		"ElevationMin": 20,
		"CycleType": "road",
		"CyclistLevel": "casual",
		"TimeAvailable": 102,
		"BikeLane": "true",
		"BikeTrail": "true",
		"ReturnRoute": "true",
		"ReducedTraffic": "true",
		"RouteLocationPreference": "city",
		"Priority": "CyclistLevel, ReducedTraffic, CycleType, ReturnRoute, BikeLane, BikeTrail, RouteLocationPreference"
	},
	{
		"UserID": "1652082352299",
		"ElevationAvg": 628,
		"ElevationMax": 291,
		"ElevationMin": 63,
		"CycleType": "road",
		"CyclistLevel": "casual",
		"TimeAvailable": 35,
		"BikeLane": "true",
		"BikeTrail": "true",
		"ReturnRoute": "true",
		"ReducedTraffic": "true",
		"RouteLocationPreference": "city",
		"Priority": "CyclistLevel, RouteLocationPreference, CycleType, ReducedTraffic, BikeTrail, ReturnRoute, BikeLane"
	},
	{
		"UserID": "1609012450299",
		"ElevationAvg": 262,
		"ElevationMax": 527,
		"ElevationMin": 73,
		"CycleType": "road",
		"CyclistLevel": "casual",
		"TimeAvailable": 243,
		"BikeLane": "true",
		"BikeTrail": "true",
		"ReturnRoute": "true",
		"ReducedTraffic": "true",
		"RouteLocationPreference": "city",
		"Priority": "ReducedTraffic, RouteLocationPreference, ReturnRoute, BikeTrail, BikeLane, CycleType, CyclistLevel"
	},
	{
		"UserID": "1608020129499",
		"ElevationAvg": 872,
		"ElevationMax": 442,
		"ElevationMin": 87,
		"CycleType": "road",
		"CyclistLevel": "casual",
		"TimeAvailable": 46,
		"BikeLane": "true",
		"BikeTrail": "true",
		"ReturnRoute": "true",
		"ReducedTraffic": "true",
		"RouteLocationPreference": "city",
		"Priority": "ReturnRoute, ReducedTraffic, BikeLane, CyclistLevel, RouteLocationPreference, BikeTrail, CycleType"
	},
	{
		"UserID": "1609082013999",
		"ElevationAvg": 861,
		"ElevationMax": 904,
		"ElevationMin": 94,
		"CycleType": "road",
		"CyclistLevel": "casual",
		"TimeAvailable": 330,
		"BikeLane": "true",
		"BikeTrail": "true",
		"ReturnRoute": "true",
		"ReducedTraffic": "true",
		"RouteLocationPreference": "city",
		"Priority": "RouteLocationPreference, BikeLane, CyclistLevel, BikeTrail, ReducedTraffic, ReturnRoute, CycleType"
	},
	{
		"UserID": "1611050929499",
		"ElevationAvg": 922,
		"ElevationMax": 435,
		"ElevationMin": 23,
		"CycleType": "road",
		"CyclistLevel": "casual",
		"TimeAvailable": 370,
		"BikeLane": "true",
		"BikeTrail": "true",
		"ReturnRoute": "true",
		"ReducedTraffic": "true",
		"RouteLocationPreference": "city",
		"Priority": "ReturnRoute, BikeTrail, RouteLocationPreference, CycleType, ReducedTraffic, BikeLane, CyclistLevel"
	},
	{
		"UserID": "1606090879699",
		"ElevationAvg": 760,
		"ElevationMax": 380,
		"ElevationMin": 9,
		"CycleType": "road",
		"CyclistLevel": "casual",
		"TimeAvailable": 202,
		"BikeLane": "true",
		"BikeTrail": "true",
		"ReturnRoute": "true",
		"ReducedTraffic": "true",
		"RouteLocationPreference": "city",
		"Priority": "ReturnRoute, BikeTrail, CyclistLevel, BikeLane, RouteLocationPreference, ReducedTraffic, CycleType"
	},
	{
		"UserID": "1635011987499",
		"ElevationAvg": 915,
		"ElevationMax": 908,
		"ElevationMin": 96,
		"CycleType": "road",
		"CyclistLevel": "casual",
		"TimeAvailable": 332,
		"BikeLane": "true",
		"BikeTrail": "true",
		"ReturnRoute": "true",
		"ReducedTraffic": "true",
		"RouteLocationPreference": "city",
		"Priority": "CyclistLevel, CycleType, BikeTrail, ReturnRoute, BikeLane, RouteLocationPreference, ReducedTraffic"
	},
	{
		"UserID": "1646072691199",
		"ElevationAvg": 299,
		"ElevationMax": 282,
		"ElevationMin": 37,
		"CycleType": "road",
		"CyclistLevel": "casual",
		"TimeAvailable": 360,
		"BikeLane": "true",
		"BikeTrail": "true",
		"ReturnRoute": "true",
		"ReducedTraffic": "true",
		"RouteLocationPreference": "city",
		"Priority": "ReturnRoute, CyclistLevel, RouteLocationPreference, ReducedTraffic, BikeTrail, CycleType, BikeLane"
	},
	{
		"UserID": "1647021757699",
		"ElevationAvg": 369,
		"ElevationMax": 892,
		"ElevationMin": 75,
		"CycleType": "road",
		"CyclistLevel": "casual",
		"TimeAvailable": 326,
		"BikeLane": "true",
		"BikeTrail": "true",
		"ReturnRoute": "true",
		"ReducedTraffic": "true",
		"RouteLocationPreference": "city",
		"Priority": "BikeTrail, BikeLane, RouteLocationPreference, ReducedTraffic, CycleType, ReturnRoute, CyclistLevel"
	},
	{
		"UserID": "1638020476299",
		"ElevationAvg": 388,
		"ElevationMax": 571,
		"ElevationMin": 65,
		"CycleType": "road",
		"CyclistLevel": "casual",
		"TimeAvailable": 240,
		"BikeLane": "true",
		"BikeTrail": "true",
		"ReturnRoute": "true",
		"ReducedTraffic": "true",
		"RouteLocationPreference": "city",
		"Priority": "BikeTrail, ReturnRoute, CyclistLevel, CycleType, RouteLocationPreference, BikeLane, ReducedTraffic"
	},
	{
		"UserID": "1641070274899",
		"ElevationAvg": 899,
		"ElevationMax": 647,
		"ElevationMin": 59,
		"CycleType": "road",
		"CyclistLevel": "casual",
		"TimeAvailable": 196,
		"BikeLane": "true",
		"BikeTrail": "true",
		"ReturnRoute": "true",
		"ReducedTraffic": "true",
		"RouteLocationPreference": "city",
		"Priority": "CycleType, BikeTrail, BikeLane, RouteLocationPreference, ReturnRoute, CyclistLevel, ReducedTraffic"
	},
	{
		"UserID": "1688062439699",
		"ElevationAvg": 562,
		"ElevationMax": 767,
		"ElevationMin": 54,
		"CycleType": "road",
		"CyclistLevel": "casual",
		"TimeAvailable": 71,
		"BikeLane": "true",
		"BikeTrail": "true",
		"ReturnRoute": "true",
		"ReducedTraffic": "true",
		"RouteLocationPreference": "city",
		"Priority": "BikeTrail, ReturnRoute, CyclistLevel, BikeLane, CycleType, RouteLocationPreference, ReducedTraffic"
	},
	{
		"UserID": "1627120386699",
		"ElevationAvg": 641,
		"ElevationMax": 704,
		"ElevationMin": 99,
		"CycleType": "road",
		"CyclistLevel": "casual",
		"TimeAvailable": 110,
		"BikeLane": "true",
		"BikeTrail": "true",
		"ReturnRoute": "true",
		"ReducedTraffic": "true",
		"RouteLocationPreference": "city",
		"Priority": "CyclistLevel, CycleType, BikeLane, BikeTrail, ReturnRoute, RouteLocationPreference, ReducedTraffic"
	},
	{
		"UserID": "1668110816599",
		"ElevationAvg": 502,
		"ElevationMax": 640,
		"ElevationMin": 22,
		"CycleType": "road",
		"CyclistLevel": "intermediate",
		"TimeAvailable": 264,
		"BikeLane": "true",
		"BikeTrail": "true",
		"ReturnRoute": "true",
		"ReducedTraffic": "true",
		"RouteLocationPreference": "city",
		"Priority": "BikeTrail, CyclistLevel, ReducedTraffic, CycleType, BikeLane, RouteLocationPreference, ReturnRoute"
	},
	{
		"UserID": "1685010366299",
		"ElevationAvg": 889,
		"ElevationMax": 244,
		"ElevationMin": 13,
		"CycleType": "road",
		"CyclistLevel": "intermediate",
		"TimeAvailable": 387,
		"BikeLane": "true",
		"BikeTrail": "true",
		"ReturnRoute": "true",
		"ReducedTraffic": "true",
		"RouteLocationPreference": "city",
		"Priority": "CycleType, BikeTrail, BikeLane, CyclistLevel, ReturnRoute, RouteLocationPreference, ReducedTraffic"
	},
	{
		"UserID": "1664082435599",
		"ElevationAvg": 632,
		"ElevationMax": 918,
		"ElevationMin": 19,
		"CycleType": "road",
		"CyclistLevel": "intermediate",
		"TimeAvailable": 27,
		"BikeLane": "true",
		"BikeTrail": "true",
		"ReturnRoute": "true",
		"ReducedTraffic": "true",
		"RouteLocationPreference": "city",
		"Priority": "CycleType, RouteLocationPreference, ReducedTraffic, ReturnRoute, CyclistLevel, BikeTrail, BikeLane"
	},
	{
		"UserID": "1609091530299",
		"ElevationAvg": 481,
		"ElevationMax": 382,
		"ElevationMin": 29,
		"CycleType": "road",
		"CyclistLevel": "intermediate",
		"TimeAvailable": 159,
		"BikeLane": "true",
		"BikeTrail": "true",
		"ReturnRoute": "true",
		"ReducedTraffic": "true",
		"RouteLocationPreference": "city",
		"Priority": "CycleType, BikeTrail, RouteLocationPreference, BikeLane, ReducedTraffic, ReturnRoute, CyclistLevel"
	},
	{
		"UserID": "1688122979799",
		"ElevationAvg": 416,
		"ElevationMax": 526,
		"ElevationMin": 12,
		"CycleType": "road",
		"CyclistLevel": "intermediate",
		"TimeAvailable": 148,
		"BikeLane": "true",
		"BikeTrail": "true",
		"ReturnRoute": "true",
		"ReducedTraffic": "true",
		"RouteLocationPreference": "city",
		"Priority": "CyclistLevel, ReturnRoute, CycleType, RouteLocationPreference, BikeTrail, ReducedTraffic, BikeLane"
	},
	{
		"UserID": "1604102621799",
		"ElevationAvg": 921,
		"ElevationMax": 611,
		"ElevationMin": 50,
		"CycleType": "road",
		"CyclistLevel": "intermediate",
		"TimeAvailable": 309,
		"BikeLane": "true",
		"BikeTrail": "true",
		"ReturnRoute": "true",
		"ReducedTraffic": "true",
		"RouteLocationPreference": "city",
		"Priority": "ReducedTraffic, RouteLocationPreference, BikeLane, BikeTrail, ReturnRoute, CycleType, CyclistLevel"
	},
	{
		"UserID": "1669122017099",
		"ElevationAvg": 677,
		"ElevationMax": 908,
		"ElevationMin": 8,
		"CycleType": "road",
		"CyclistLevel": "intermediate",
		"TimeAvailable": 105,
		"BikeLane": "true",
		"BikeTrail": "true",
		"ReturnRoute": "true",
		"ReducedTraffic": "true",
		"RouteLocationPreference": "city",
		"Priority": "BikeLane, BikeTrail, ReturnRoute, CycleType, ReducedTraffic, RouteLocationPreference, CyclistLevel"
	},
	{
		"UserID": "1606040570599",
		"ElevationAvg": 355,
		"ElevationMax": 946,
		"ElevationMin": 43,
		"CycleType": "road",
		"CyclistLevel": "intermediate",
		"TimeAvailable": 80,
		"BikeLane": "true",
		"BikeTrail": "true",
		"ReturnRoute": "true",
		"ReducedTraffic": "true",
		"RouteLocationPreference": "city",
		"Priority": "RouteLocationPreference, ReturnRoute, BikeTrail, BikeLane, CyclistLevel, ReducedTraffic, CycleType"
	},
	{
		"UserID": "1675022006199",
		"ElevationAvg": 636,
		"ElevationMax": 889,
		"ElevationMin": 23,
		"CycleType": "road",
		"CyclistLevel": "intermediate",
		"TimeAvailable": 22,
		"BikeLane": "true",
		"BikeTrail": "true",
		"ReturnRoute": "true",
		"ReducedTraffic": "true",
		"RouteLocationPreference": "city",
		"Priority": "BikeLane, ReducedTraffic, BikeTrail, RouteLocationPreference, ReturnRoute, CycleType, CyclistLevel"
	},
	{
		"UserID": "1665052268799",
		"ElevationAvg": 588,
		"ElevationMax": 905,
		"ElevationMin": 87,
		"CycleType": "road",
		"CyclistLevel": "intermediate",
		"TimeAvailable": 268,
		"BikeLane": "true",
		"BikeTrail": "true",
		"ReturnRoute": "true",
		"ReducedTraffic": "true",
		"RouteLocationPreference": "city",
		"Priority": "BikeTrail, ReducedTraffic, ReturnRoute, CycleType, RouteLocationPreference, CyclistLevel, BikeLane"
	},
	{
		"UserID": "1618060714299",
		"ElevationAvg": 466,
		"ElevationMax": 682,
		"ElevationMin": 74,
		"CycleType": "road",
		"CyclistLevel": "intermediate",
		"TimeAvailable": 29,
		"BikeLane": "true",
		"BikeTrail": "true",
		"ReturnRoute": "true",
		"ReducedTraffic": "true",
		"RouteLocationPreference": "city",
		"Priority": "CyclistLevel, BikeTrail, ReturnRoute, ReducedTraffic, BikeLane, CycleType, RouteLocationPreference"
	},
	{
		"UserID": "1690101490099",
		"ElevationAvg": 190,
		"ElevationMax": 480,
		"ElevationMin": 44,
		"CycleType": "road",
		"CyclistLevel": "intermediate",
		"TimeAvailable": 31,
		"BikeLane": "true",
		"BikeTrail": "true",
		"ReturnRoute": "true",
		"ReducedTraffic": "true",
		"RouteLocationPreference": "city",
		"Priority": "CyclistLevel, ReturnRoute, RouteLocationPreference, BikeLane, ReducedTraffic, CycleType, BikeTrail"
	},
	{
		"UserID": "1661061367899",
		"ElevationAvg": 268,
		"ElevationMax": 472,
		"ElevationMin": 6,
		"CycleType": "road",
		"CyclistLevel": "intermediate",
		"TimeAvailable": 220,
		"BikeLane": "true",
		"BikeTrail": "true",
		"ReturnRoute": "true",
		"ReducedTraffic": "true",
		"RouteLocationPreference": "city",
		"Priority": "CycleType, RouteLocationPreference, ReturnRoute, CyclistLevel, BikeTrail, BikeLane, ReducedTraffic"
	},
	{
		"UserID": "1686070869399",
		"ElevationAvg": 752,
		"ElevationMax": 862,
		"ElevationMin": 57,
		"CycleType": "road",
		"CyclistLevel": "intermediate",
		"TimeAvailable": 33,
		"BikeLane": "true",
		"BikeTrail": "true",
		"ReturnRoute": "true",
		"ReducedTraffic": "true",
		"RouteLocationPreference": "city",
		"Priority": "RouteLocationPreference, BikeTrail, BikeLane, ReturnRoute, CycleType, ReducedTraffic, CyclistLevel"
	},
	{
		"UserID": "1601070199799",
		"ElevationAvg": 773,
		"ElevationMax": 206,
		"ElevationMin": 94,
		"CycleType": "road",
		"CyclistLevel": "intermediate",
		"TimeAvailable": 220,
		"BikeLane": "true",
		"BikeTrail": "true",
		"ReturnRoute": "true",
		"ReducedTraffic": "true",
		"RouteLocationPreference": "city",
		"Priority": "CycleType, BikeTrail, BikeLane, RouteLocationPreference, ReducedTraffic, ReturnRoute, CyclistLevel"
	},
	{
		"UserID": "1686021515299",
		"ElevationAvg": 798,
		"ElevationMax": 349,
		"ElevationMin": 83,
		"CycleType": "road",
		"CyclistLevel": "intermediate",
		"TimeAvailable": 278,
		"BikeLane": "true",
		"BikeTrail": "true",
		"ReturnRoute": "true",
		"ReducedTraffic": "true",
		"RouteLocationPreference": "city",
		"Priority": "CycleType, ReturnRoute, BikeTrail, CyclistLevel, ReducedTraffic, BikeLane, RouteLocationPreference"
	},
	{
		"UserID": "1699011722299",
		"ElevationAvg": 140,
		"ElevationMax": 556,
		"ElevationMin": 14,
		"CycleType": "road",
		"CyclistLevel": "intermediate",
		"TimeAvailable": 64,
		"BikeLane": "true",
		"BikeTrail": "true",
		"ReturnRoute": "true",
		"ReducedTraffic": "true",
		"RouteLocationPreference": "city",
		"Priority": "BikeLane, RouteLocationPreference, CycleType, BikeTrail, ReducedTraffic, ReturnRoute, CyclistLevel"
	},
	{
		"UserID": "1673120412999",
		"ElevationAvg": 491,
		"ElevationMax": 171,
		"ElevationMin": 43,
		"CycleType": "mountain",
		"CyclistLevel": "intermediate",
		"TimeAvailable": 54,
		"BikeLane": "false",
		"BikeTrail": "false",
		"ReturnRoute": "false",
		"ReducedTraffic": "false",
		"RouteLocationPreference": "country",
		"Priority": "CycleType, ReturnRoute, CyclistLevel, ReducedTraffic, BikeLane, BikeTrail, RouteLocationPreference"
	},
	{
		"UserID": "1622121565499",
		"ElevationAvg": 590,
		"ElevationMax": 878,
		"ElevationMin": 81,
		"CycleType": "mountain",
		"CyclistLevel": "intermediate",
		"TimeAvailable": 277,
		"BikeLane": "false",
		"BikeTrail": "false",
		"ReturnRoute": "false",
		"ReducedTraffic": "false",
		"RouteLocationPreference": "country",
		"Priority": "BikeLane, CycleType, BikeTrail, ReducedTraffic, ReturnRoute, CyclistLevel, RouteLocationPreference"
	},
	{
		"UserID": "1640010694399",
		"ElevationAvg": 204,
		"ElevationMax": 691,
		"ElevationMin": 9,
		"CycleType": "mountain",
		"CyclistLevel": "intermediate",
		"TimeAvailable": 55,
		"BikeLane": "false",
		"BikeTrail": "false",
		"ReturnRoute": "false",
		"ReducedTraffic": "false",
		"RouteLocationPreference": "country",
		"Priority": "ReturnRoute, BikeLane, RouteLocationPreference, CycleType, BikeTrail, CyclistLevel, ReducedTraffic"
	},
	{
		"UserID": "1651082652199",
		"ElevationAvg": 485,
		"ElevationMax": 660,
		"ElevationMin": 6,
		"CycleType": "mountain",
		"CyclistLevel": "intermediate",
		"TimeAvailable": 372,
		"BikeLane": "false",
		"BikeTrail": "false",
		"ReturnRoute": "false",
		"ReducedTraffic": "false",
		"RouteLocationPreference": "country",
		"Priority": "CycleType, RouteLocationPreference, BikeTrail, ReducedTraffic, BikeLane, ReturnRoute, CyclistLevel"
	},
	{
		"UserID": "1612092686199",
		"ElevationAvg": 672,
		"ElevationMax": 846,
		"ElevationMin": 70,
		"CycleType": "mountain",
		"CyclistLevel": "intermediate",
		"TimeAvailable": 204,
		"BikeLane": "false",
		"BikeTrail": "false",
		"ReturnRoute": "false",
		"ReducedTraffic": "false",
		"RouteLocationPreference": "country",
		"Priority": "BikeTrail, CycleType, ReducedTraffic, BikeLane, ReturnRoute, CyclistLevel, RouteLocationPreference"
	},
	{
		"UserID": "1610050279299",
		"ElevationAvg": 278,
		"ElevationMax": 423,
		"ElevationMin": 47,
		"CycleType": "mountain",
		"CyclistLevel": "intermediate",
		"TimeAvailable": 99,
		"BikeLane": "false",
		"BikeTrail": "false",
		"ReturnRoute": "false",
		"ReducedTraffic": "false",
		"RouteLocationPreference": "country",
		"Priority": "ReturnRoute, RouteLocationPreference, BikeLane, CyclistLevel, BikeTrail, CycleType, ReducedTraffic"
	},
	{
		"UserID": "1675072107699",
		"ElevationAvg": 162,
		"ElevationMax": 108,
		"ElevationMin": 91,
		"CycleType": "mountain",
		"CyclistLevel": "intermediate",
		"TimeAvailable": 318,
		"BikeLane": "false",
		"BikeTrail": "false",
		"ReturnRoute": "false",
		"ReducedTraffic": "false",
		"RouteLocationPreference": "country",
		"Priority": "CyclistLevel, RouteLocationPreference, CycleType, ReturnRoute, ReducedTraffic, BikeTrail, BikeLane"
	},
	{
		"UserID": "1629040198599",
		"ElevationAvg": 176,
		"ElevationMax": 721,
		"ElevationMin": 69,
		"CycleType": "mountain",
		"CyclistLevel": "intermediate",
		"TimeAvailable": 44,
		"BikeLane": "false",
		"BikeTrail": "false",
		"ReturnRoute": "false",
		"ReducedTraffic": "false",
		"RouteLocationPreference": "country",
		"Priority": "ReturnRoute, CyclistLevel, BikeTrail, CycleType, RouteLocationPreference, ReducedTraffic, BikeLane"
	},
	{
		"UserID": "1672020850599",
		"ElevationAvg": 244,
		"ElevationMax": 799,
		"ElevationMin": 34,
		"CycleType": "mountain",
		"CyclistLevel": "intermediate",
		"TimeAvailable": 20,
		"BikeLane": "false",
		"BikeTrail": "false",
		"ReturnRoute": "false",
		"ReducedTraffic": "false",
		"RouteLocationPreference": "country",
		"Priority": "BikeTrail, ReturnRoute, CycleType, ReducedTraffic, RouteLocationPreference, BikeLane, CyclistLevel"
	},
	{
		"UserID": "1655110693599",
		"ElevationAvg": 238,
		"ElevationMax": 972,
		"ElevationMin": 24,
		"CycleType": "mountain",
		"CyclistLevel": "intermediate",
		"TimeAvailable": 397,
		"BikeLane": "false",
		"BikeTrail": "false",
		"ReturnRoute": "false",
		"ReducedTraffic": "false",
		"RouteLocationPreference": "country",
		"Priority": "ReturnRoute, ReducedTraffic, CyclistLevel, BikeLane, CycleType, RouteLocationPreference, BikeTrail"
	},
	{
		"UserID": "1648052470899",
		"ElevationAvg": 681,
		"ElevationMax": 932,
		"ElevationMin": 11,
		"CycleType": "mountain",
		"CyclistLevel": "intermediate",
		"TimeAvailable": 271,
		"BikeLane": "false",
		"BikeTrail": "false",
		"ReturnRoute": "false",
		"ReducedTraffic": "false",
		"RouteLocationPreference": "country",
		"Priority": "BikeTrail, CyclistLevel, BikeLane, RouteLocationPreference, CycleType, ReducedTraffic, ReturnRoute"
	},
	{
		"UserID": "1647020527099",
		"ElevationAvg": 915,
		"ElevationMax": 752,
		"ElevationMin": 66,
		"CycleType": "mountain",
		"CyclistLevel": "intermediate",
		"TimeAvailable": 264,
		"BikeLane": "false",
		"BikeTrail": "false",
		"ReturnRoute": "false",
		"ReducedTraffic": "false",
		"RouteLocationPreference": "country",
		"Priority": "ReturnRoute, CyclistLevel, RouteLocationPreference, ReducedTraffic, BikeTrail, BikeLane, CycleType"
	},
	{
		"UserID": "1614040406999",
		"ElevationAvg": 330,
		"ElevationMax": 852,
		"ElevationMin": 27,
		"CycleType": "mountain",
		"CyclistLevel": "intermediate",
		"TimeAvailable": 259,
		"BikeLane": "false",
		"BikeTrail": "false",
		"ReturnRoute": "false",
		"ReducedTraffic": "false",
		"RouteLocationPreference": "country",
		"Priority": "BikeLane, ReturnRoute, CycleType, ReducedTraffic, CyclistLevel, BikeTrail, RouteLocationPreference"
	},
	{
		"UserID": "1671021793499",
		"ElevationAvg": 297,
		"ElevationMax": 820,
		"ElevationMin": 74,
		"CycleType": "mountain",
		"CyclistLevel": "intermediate",
		"TimeAvailable": 343,
		"BikeLane": "false",
		"BikeTrail": "false",
		"ReturnRoute": "false",
		"ReducedTraffic": "false",
		"RouteLocationPreference": "country",
		"Priority": "RouteLocationPreference, ReturnRoute, BikeLane, BikeTrail, CyclistLevel, CycleType, ReducedTraffic"
	},
	{
		"UserID": "1687081559999",
		"ElevationAvg": 466,
		"ElevationMax": 138,
		"ElevationMin": 22,
		"CycleType": "mountain",
		"CyclistLevel": "intermediate",
		"TimeAvailable": 212,
		"BikeLane": "false",
		"BikeTrail": "false",
		"ReturnRoute": "false",
		"ReducedTraffic": "false",
		"RouteLocationPreference": "country",
		"Priority": "ReducedTraffic, RouteLocationPreference, BikeLane, BikeTrail, CycleType, CyclistLevel, ReturnRoute"
	},
	{
		"UserID": "1624080787599",
		"ElevationAvg": 187,
		"ElevationMax": 827,
		"ElevationMin": 88,
		"CycleType": "mountain",
		"CyclistLevel": "intermediate",
		"TimeAvailable": 18,
		"BikeLane": "false",
		"BikeTrail": "false",
		"ReturnRoute": "false",
		"ReducedTraffic": "false",
		"RouteLocationPreference": "country",
		"Priority": "BikeLane, ReducedTraffic, CyclistLevel, ReturnRoute, CycleType, BikeTrail, RouteLocationPreference"
	},
	{
		"UserID": "1630122025799",
		"ElevationAvg": 637,
		"ElevationMax": 241,
		"ElevationMin": 39,
		"CycleType": "mountain",
		"CyclistLevel": "professional",
		"TimeAvailable": 240,
		"BikeLane": "false",
		"BikeTrail": "false",
		"ReturnRoute": "false",
		"ReducedTraffic": "false",
		"RouteLocationPreference": "country",
		"Priority": "CycleType, ReturnRoute, ReducedTraffic, BikeLane, BikeTrail, CyclistLevel, RouteLocationPreference"
	},
	{
		"UserID": "1681011793399",
		"ElevationAvg": 694,
		"ElevationMax": 336,
		"ElevationMin": 60,
		"CycleType": "mountain",
		"CyclistLevel": "professional",
		"TimeAvailable": 343,
		"BikeLane": "false",
		"BikeTrail": "false",
		"ReturnRoute": "false",
		"ReducedTraffic": "false",
		"RouteLocationPreference": "country",
		"Priority": "RouteLocationPreference, CyclistLevel, CycleType, ReturnRoute, BikeTrail, ReducedTraffic, BikeLane"
	},
	{
		"UserID": "1654062291799",
		"ElevationAvg": 630,
		"ElevationMax": 119,
		"ElevationMin": 15,
		"CycleType": "mountain",
		"CyclistLevel": "professional",
		"TimeAvailable": 218,
		"BikeLane": "false",
		"BikeTrail": "false",
		"ReturnRoute": "false",
		"ReducedTraffic": "false",
		"RouteLocationPreference": "country",
		"Priority": "ReducedTraffic, RouteLocationPreference, BikeTrail, CyclistLevel, ReturnRoute, BikeLane, CycleType"
	},
	{
		"UserID": "1648091708599",
		"ElevationAvg": 607,
		"ElevationMax": 852,
		"ElevationMin": 71,
		"CycleType": "mountain",
		"CyclistLevel": "professional",
		"TimeAvailable": 65,
		"BikeLane": "false",
		"BikeTrail": "false",
		"ReturnRoute": "false",
		"ReducedTraffic": "false",
		"RouteLocationPreference": "country",
		"Priority": "ReducedTraffic, CyclistLevel, RouteLocationPreference, BikeTrail, ReturnRoute, BikeLane, CycleType"
	},
	{
		"UserID": "1618100835799",
		"ElevationAvg": 223,
		"ElevationMax": 835,
		"ElevationMin": 45,
		"CycleType": "mountain",
		"CyclistLevel": "professional",
		"TimeAvailable": 267,
		"BikeLane": "false",
		"BikeTrail": "false",
		"ReturnRoute": "false",
		"ReducedTraffic": "false",
		"RouteLocationPreference": "country",
		"Priority": "RouteLocationPreference, ReducedTraffic, BikeTrail, BikeLane, CyclistLevel, CycleType, ReturnRoute"
	},
	{
		"UserID": "1666080550699",
		"ElevationAvg": 195,
		"ElevationMax": 552,
		"ElevationMin": 35,
		"CycleType": "mountain",
		"CyclistLevel": "professional",
		"TimeAvailable": 170,
		"BikeLane": "false",
		"BikeTrail": "false",
		"ReturnRoute": "false",
		"ReducedTraffic": "false",
		"RouteLocationPreference": "country",
		"Priority": "CyclistLevel, BikeTrail, RouteLocationPreference, BikeLane, ReturnRoute, ReducedTraffic, CycleType"
	},
	{
		"UserID": "1633051259899",
		"ElevationAvg": 952,
		"ElevationMax": 830,
		"ElevationMin": 65,
		"CycleType": "mountain",
		"CyclistLevel": "professional",
		"TimeAvailable": 231,
		"BikeLane": "false",
		"BikeTrail": "false",
		"ReturnRoute": "false",
		"ReducedTraffic": "false",
		"RouteLocationPreference": "country",
		"Priority": "CycleType, ReturnRoute, BikeLane, CyclistLevel, BikeTrail, ReducedTraffic, RouteLocationPreference"
	},
	{
		"UserID": "1691080355999",
		"ElevationAvg": 679,
		"ElevationMax": 382,
		"ElevationMin": 27,
		"CycleType": "mountain",
		"CyclistLevel": "professional",
		"TimeAvailable": 131,
		"BikeLane": "false",
		"BikeTrail": "false",
		"ReturnRoute": "false",
		"ReducedTraffic": "false",
		"RouteLocationPreference": "country",
		"Priority": "ReducedTraffic, BikeLane, CycleType, BikeTrail, CyclistLevel, ReturnRoute, RouteLocationPreference"
	},
	{
		"UserID": "1655012099399",
		"ElevationAvg": 484,
		"ElevationMax": 449,
		"ElevationMin": 63,
		"CycleType": "mountain",
		"CyclistLevel": "professional",
		"TimeAvailable": 139,
		"BikeLane": "false",
		"BikeTrail": "false",
		"ReturnRoute": "false",
		"ReducedTraffic": "false",
		"RouteLocationPreference": "country",
		"Priority": "CyclistLevel, BikeTrail, RouteLocationPreference, CycleType, BikeLane, ReturnRoute, ReducedTraffic"
	},
	{
		"UserID": "1691101869999",
		"ElevationAvg": 175,
		"ElevationMax": 377,
		"ElevationMin": 29,
		"CycleType": "mountain",
		"CyclistLevel": "professional",
		"TimeAvailable": 328,
		"BikeLane": "false",
		"BikeTrail": "false",
		"ReturnRoute": "false",
		"ReducedTraffic": "false",
		"RouteLocationPreference": "country",
		"Priority": "BikeTrail, BikeLane, CyclistLevel, ReturnRoute, CycleType, RouteLocationPreference, ReducedTraffic"
	},
	{
		"UserID": "1613121577799",
		"ElevationAvg": 102,
		"ElevationMax": 288,
		"ElevationMin": 83,
		"CycleType": "mountain",
		"CyclistLevel": "professional",
		"TimeAvailable": 398,
		"BikeLane": "false",
		"BikeTrail": "false",
		"ReturnRoute": "false",
		"ReducedTraffic": "false",
		"RouteLocationPreference": "country",
		"Priority": "CyclistLevel, BikeLane, BikeTrail, ReducedTraffic, ReturnRoute, CycleType, RouteLocationPreference"
	},
	{
		"UserID": "1632050100299",
		"ElevationAvg": 455,
		"ElevationMax": 638,
		"ElevationMin": 24,
		"CycleType": "mountain",
		"CyclistLevel": "professional",
		"TimeAvailable": 112,
		"BikeLane": "false",
		"BikeTrail": "false",
		"ReturnRoute": "false",
		"ReducedTraffic": "false",
		"RouteLocationPreference": "country",
		"Priority": "BikeLane, ReturnRoute, CyclistLevel, RouteLocationPreference, ReducedTraffic, BikeTrail, CycleType"
	},
	{
		"UserID": "1657122147299",
		"ElevationAvg": 469,
		"ElevationMax": 180,
		"ElevationMin": 74,
		"CycleType": "mountain",
		"CyclistLevel": "professional",
		"TimeAvailable": 228,
		"BikeLane": "false",
		"BikeTrail": "false",
		"ReturnRoute": "false",
		"ReducedTraffic": "false",
		"RouteLocationPreference": "country",
		"Priority": "CyclistLevel, BikeTrail, ReturnRoute, CycleType, BikeLane, ReducedTraffic, RouteLocationPreference"
	},
	{
		"UserID": "1699120728199",
		"ElevationAvg": 870,
		"ElevationMax": 151,
		"ElevationMin": 1,
		"CycleType": "mountain",
		"CyclistLevel": "professional",
		"TimeAvailable": 204,
		"BikeLane": "false",
		"BikeTrail": "false",
		"ReturnRoute": "false",
		"ReducedTraffic": "false",
		"RouteLocationPreference": "country",
		"Priority": "CyclistLevel, BikeLane, BikeTrail, CycleType, RouteLocationPreference, ReducedTraffic, ReturnRoute"
	},
	{
		"UserID": "1600120754799",
		"ElevationAvg": 180,
		"ElevationMax": 404,
		"ElevationMin": 78,
		"CycleType": "mountain",
		"CyclistLevel": "professional",
		"TimeAvailable": 150,
		"BikeLane": "false",
		"BikeTrail": "false",
		"ReturnRoute": "false",
		"ReducedTraffic": "false",
		"RouteLocationPreference": "country",
		"Priority": "ReturnRoute, ReducedTraffic, RouteLocationPreference, CycleType, BikeLane, CyclistLevel, BikeTrail"
	},
	{
		"UserID": "1622032215399",
		"ElevationAvg": 289,
		"ElevationMax": 200,
		"ElevationMin": 31,
		"CycleType": "mountain",
		"CyclistLevel": "professional",
		"TimeAvailable": 19,
		"BikeLane": "false",
		"BikeTrail": "false",
		"ReturnRoute": "false",
		"ReducedTraffic": "false",
		"RouteLocationPreference": "country",
		"Priority": "ReducedTraffic, RouteLocationPreference, BikeTrail, ReturnRoute, CyclistLevel, BikeLane, CycleType"
	},
	{
		"UserID": "1672101194699",
		"ElevationAvg": 797,
		"ElevationMax": 355,
		"ElevationMin": 10,
		"CycleType": "mountain",
		"CyclistLevel": "professional",
		"TimeAvailable": 183,
		"BikeLane": "false",
		"BikeTrail": "false",
		"ReturnRoute": "false",
		"ReducedTraffic": "false",
		"RouteLocationPreference": "country",
		"Priority": "RouteLocationPreference, CycleType, ReturnRoute, ReducedTraffic, BikeTrail, BikeLane, CyclistLevel"
	},
	{
		"UserID": "1607080483399",
		"ElevationAvg": 306,
		"ElevationMax": 670,
		"ElevationMin": 100,
		"CycleType": "mountain",
		"CyclistLevel": "professional",
		"TimeAvailable": 152,
		"BikeLane": "false",
		"BikeTrail": "false",
		"ReturnRoute": "false",
		"ReducedTraffic": "false",
		"RouteLocationPreference": "country",
		"Priority": "ReturnRoute, CyclistLevel, RouteLocationPreference, CycleType, BikeTrail, BikeLane, ReducedTraffic"
	},
	{
		"UserID": "1613031675099",
		"ElevationAvg": 253,
		"ElevationMax": 399,
		"ElevationMin": 89,
		"CycleType": "mountain",
		"CyclistLevel": "professional",
		"TimeAvailable": 135,
		"BikeLane": "false",
		"BikeTrail": "false",
		"ReturnRoute": "false",
		"ReducedTraffic": "false",
		"RouteLocationPreference": "country",
		"Priority": "BikeTrail, RouteLocationPreference, CycleType, ReducedTraffic, CyclistLevel, BikeLane, ReturnRoute"
	},
	{
		"UserID": "1627040888799",
		"ElevationAvg": 841,
		"ElevationMax": 436,
		"ElevationMin": 94,
		"CycleType": "mountain",
		"CyclistLevel": "professional",
		"TimeAvailable": 36,
		"BikeLane": "false",
		"BikeTrail": "false",
		"ReturnRoute": "false",
		"ReducedTraffic": "false",
		"RouteLocationPreference": "country",
		"Priority": "BikeLane, BikeTrail, CyclistLevel, CycleType, ReducedTraffic, RouteLocationPreference, ReturnRoute"
	},
	{
		"UserID": "1608071073899",
		"ElevationAvg": 481,
		"ElevationMax": 417,
		"ElevationMin": 24,
		"CycleType": "mountain",
		"CyclistLevel": "professional",
		"TimeAvailable": 195,
		"BikeLane": "false",
		"BikeTrail": "false",
		"ReturnRoute": "false",
		"ReducedTraffic": "false",
		"RouteLocationPreference": "country",
		"Priority": "BikeTrail, CyclistLevel, RouteLocationPreference, CycleType, ReducedTraffic, ReturnRoute, BikeLane"
	},
	{
		"UserID": "1649032755699",
		"ElevationAvg": 243,
		"ElevationMax": 164,
		"ElevationMin": 40,
		"CycleType": "mountain",
		"CyclistLevel": "professional",
		"TimeAvailable": 240,
		"BikeLane": "false",
		"BikeTrail": "false",
		"ReturnRoute": "false",
		"ReducedTraffic": "false",
		"RouteLocationPreference": "country",
		"Priority": "CycleType, ReducedTraffic, ReturnRoute, RouteLocationPreference, CyclistLevel, BikeLane, BikeTrail"
	},
	{
		"UserID": "1699121903499",
		"ElevationAvg": 468,
		"ElevationMax": 165,
		"ElevationMin": 32,
		"CycleType": "mountain",
		"CyclistLevel": "professional",
		"TimeAvailable": 185,
		"BikeLane": "false",
		"BikeTrail": "false",
		"ReturnRoute": "false",
		"ReducedTraffic": "false",
		"RouteLocationPreference": "country",
		"Priority": "ReturnRoute, BikeLane, CycleType, RouteLocationPreference, ReducedTraffic, CyclistLevel, BikeTrail"
	},
	{
		"UserID": "1686071935799",
		"ElevationAvg": 311,
		"ElevationMax": 457,
		"ElevationMin": 69,
		"CycleType": "mountain",
		"CyclistLevel": "professional",
		"TimeAvailable": 83,
		"BikeLane": "false",
		"BikeTrail": "false",
		"ReturnRoute": "false",
		"ReducedTraffic": "false",
		"RouteLocationPreference": "country",
		"Priority": "CycleType, CyclistLevel, RouteLocationPreference, ReducedTraffic, ReturnRoute, BikeTrail, BikeLane"
	},
	{
		"UserID": "1623092710899",
		"ElevationAvg": 951,
		"ElevationMax": 512,
		"ElevationMin": 63,
		"CycleType": "mountain",
		"CyclistLevel": "professional",
		"TimeAvailable": 353,
		"BikeLane": "false",
		"BikeTrail": "false",
		"ReturnRoute": "false",
		"ReducedTraffic": "false",
		"RouteLocationPreference": "country",
		"Priority": "CyclistLevel, BikeTrail, CycleType, ReducedTraffic, BikeLane, RouteLocationPreference, ReturnRoute"
	},
	{
		"UserID": "1618082341499",
		"ElevationAvg": 795,
		"ElevationMax": 410,
		"ElevationMin": 95,
		"CycleType": "mountain",
		"CyclistLevel": "professional",
		"TimeAvailable": 152,
		"BikeLane": "false",
		"BikeTrail": "false",
		"ReturnRoute": "false",
		"ReducedTraffic": "false",
		"RouteLocationPreference": "country",
		"Priority": "RouteLocationPreference, ReducedTraffic, ReturnRoute, BikeLane, BikeTrail, CyclistLevel, CycleType"
	},
	{
		"UserID": "1659070617299",
		"ElevationAvg": 849,
		"ElevationMax": 261,
		"ElevationMin": 23,
		"CycleType": "mountain",
		"CyclistLevel": "professional",
		"TimeAvailable": 40,
		"BikeLane": "false",
		"BikeTrail": "false",
		"ReturnRoute": "false",
		"ReducedTraffic": "false",
		"RouteLocationPreference": "country",
		"Priority": "CycleType, BikeLane, ReturnRoute, CyclistLevel, ReducedTraffic, BikeTrail, RouteLocationPreference"
	},
	{
		"UserID": "1675042088299",
		"ElevationAvg": 891,
		"ElevationMax": 459,
		"ElevationMin": 66,
		"CycleType": "mountain",
		"CyclistLevel": "professional",
		"TimeAvailable": 346,
		"BikeLane": "false",
		"BikeTrail": "false",
		"ReturnRoute": "false",
		"ReducedTraffic": "false",
		"RouteLocationPreference": "country",
		"Priority": "BikeTrail, RouteLocationPreference, ReducedTraffic, CycleType, BikeLane, ReturnRoute, CyclistLevel"
	},
	{
		"UserID": "1651102846799",
		"ElevationAvg": 988,
		"ElevationMax": 339,
		"ElevationMin": 84,
		"CycleType": "mountain",
		"CyclistLevel": "professional",
		"TimeAvailable": 48,
		"BikeLane": "false",
		"BikeTrail": "false",
		"ReturnRoute": "false",
		"ReducedTraffic": "false",
		"RouteLocationPreference": "country",
		"Priority": "BikeLane, CycleType, ReducedTraffic, CyclistLevel, RouteLocationPreference, BikeTrail, ReturnRoute"
	},
	{
		"UserID": "1606051035799",
		"ElevationAvg": 837,
		"ElevationMax": 251,
		"ElevationMin": 89,
		"CycleType": "mountain",
		"CyclistLevel": "professional",
		"TimeAvailable": 252,
		"BikeLane": "false",
		"BikeTrail": "false",
		"ReturnRoute": "false",
		"ReducedTraffic": "false",
		"RouteLocationPreference": "country",
		"Priority": "CyclistLevel, ReturnRoute, BikeLane, BikeTrail, ReducedTraffic, CycleType, RouteLocationPreference"
	},
	{
		"UserID": "1652031397399",
		"ElevationAvg": 681,
		"ElevationMax": 702,
		"ElevationMin": 46,
		"CycleType": "mountain",
		"CyclistLevel": "professional",
		"TimeAvailable": 18,
		"BikeLane": "false",
		"BikeTrail": "false",
		"ReturnRoute": "false",
		"ReducedTraffic": "false",
		"RouteLocationPreference": "country",
		"Priority": "ReturnRoute, BikeLane, ReducedTraffic, CyclistLevel, BikeTrail, RouteLocationPreference, CycleType"
	},
	{
		"UserID": "1638041088999",
		"ElevationAvg": 778,
		"ElevationMax": 710,
		"ElevationMin": 74,
		"CycleType": "mountain",
		"CyclistLevel": "professional",
		"TimeAvailable": 105,
		"BikeLane": "false",
		"BikeTrail": "false",
		"ReturnRoute": "false",
		"ReducedTraffic": "false",
		"RouteLocationPreference": "country",
		"Priority": "ReducedTraffic, BikeTrail, CycleType, RouteLocationPreference, CyclistLevel, BikeLane, ReturnRoute"
	},
	{
		"UserID": "1675100676499",
		"ElevationAvg": 185,
		"ElevationMax": 423,
		"ElevationMin": 4,
		"CycleType": "mountain",
		"CyclistLevel": "professional",
		"TimeAvailable": 390,
		"BikeLane": "false",
		"BikeTrail": "false",
		"ReturnRoute": "false",
		"ReducedTraffic": "false",
		"RouteLocationPreference": "country",
		"Priority": "CycleType, BikeTrail, BikeLane, RouteLocationPreference, ReturnRoute, ReducedTraffic, CyclistLevel"
	},
	{
		"UserID": "1666021728399",
		"ElevationAvg": 793,
		"ElevationMax": 481,
		"ElevationMin": 13,
		"CycleType": "mountain",
		"CyclistLevel": "casual",
		"TimeAvailable": 290,
		"BikeLane": "false",
		"BikeTrail": "false",
		"ReturnRoute": "false",
		"ReducedTraffic": "false",
		"RouteLocationPreference": "country",
		"Priority": "ReturnRoute, CyclistLevel, BikeTrail, CycleType, ReducedTraffic, RouteLocationPreference, BikeLane"
	}
]