[
	{
		"UserID": "05976593099",
		"ElevationAvg": 259,
		"ElevationMax": 940,
		"ElevationMin": 25,
		"CycleType": "road",
		"CyclistLevel": "Casual",
		"TimeAvailable": 22,
		"PreferBikeLanes": "True",
		"PreferBikeTrials": "True",
		"StartLocation": "70.65004, 113.04434",
		"EndLocation": "-25.07636, 170.36309",
		"ReturnRoute": "True",
		"ReducedTraffic": "True",
		"RouteLocationPreference": "City"
	},
	{
		"UserID": "64364432299",
		"ElevationAvg": 481,
		"ElevationMax": 747,
		"ElevationMin": 59,
		"CycleType": "road",
		"CyclistLevel": "Casual",
		"TimeAvailable": 157,
		"PreferBikeLanes": "True",
		"PreferBikeTrials": "True",
		"StartLocation": "-55.44221, 117.73303",
		"EndLocation": "41.09094, -52.66366",
		"ReturnRoute": "True",
		"ReducedTraffic": "True",
		"RouteLocationPreference": "City"
	},
	{
		"UserID": "88851045299",
		"ElevationAvg": 891,
		"ElevationMax": 999,
		"ElevationMin": 100,
		"CycleType": "road",
		"CyclistLevel": "Casual",
		"TimeAvailable": 57,
		"PreferBikeLanes": "True",
		"PreferBikeTrials": "True",
		"StartLocation": "-44.39556, -80.70198",
		"EndLocation": "65.24443, 73.9706",
		"ReturnRoute": "True",
		"ReducedTraffic": "True",
		"RouteLocationPreference": "City"
	},
	{
		"UserID": "93382421399",
		"ElevationAvg": 236,
		"ElevationMax": 351,
		"ElevationMin": 35,
		"CycleType": "road",
		"CyclistLevel": "Casual",
		"TimeAvailable": 75,
		"PreferBikeLanes": "True",
		"PreferBikeTrials": "True",
		"StartLocation": "-74.47946, 77.01152",
		"EndLocation": "-67.53141, 161.99662",
		"ReturnRoute": "True",
		"ReducedTraffic": "True",
		"RouteLocationPreference": "City"
	},
	{
		"UserID": "54767536499",
		"ElevationAvg": 919,
		"ElevationMax": 368,
		"ElevationMin": 63,
		"CycleType": "road",
		"CyclistLevel": "Casual",
		"TimeAvailable": 50,
		"PreferBikeLanes": "True",
		"PreferBikeTrials": "True",
		"StartLocation": "85.5465, -123.49806",
		"EndLocation": "58.23563, -91.9952",
		"ReturnRoute": "True",
		"ReducedTraffic": "True",
		"RouteLocationPreference": "City"
	},
	{
		"UserID": "44906752799",
		"ElevationAvg": 327,
		"ElevationMax": 596,
		"ElevationMin": 44,
		"CycleType": "road",
		"CyclistLevel": "Casual",
		"TimeAvailable": 73,
		"PreferBikeLanes": "True",
		"PreferBikeTrials": "True",
		"StartLocation": "-56.84734, 167.22473",
		"EndLocation": "33.60155, -45.11555",
		"ReturnRoute": "True",
		"ReducedTraffic": "True",
		"RouteLocationPreference": "City"
	},
	{
		"UserID": "11252154899",
		"ElevationAvg": 966,
		"ElevationMax": 356,
		"ElevationMin": 58,
		"CycleType": "road",
		"CyclistLevel": "Casual",
		"TimeAvailable": 44,
		"PreferBikeLanes": "True",
		"PreferBikeTrials": "True",
		"StartLocation": "-29.98695, 64.3694",
		"EndLocation": "-54.16299, -60.20007",
		"ReturnRoute": "True",
		"ReducedTraffic": "True",
		"RouteLocationPreference": "City"
	},
	{
		"UserID": "27688892899",
		"ElevationAvg": 130,
		"ElevationMax": 996,
		"ElevationMin": 30,
		"CycleType": "road",
		"CyclistLevel": "Casual",
		"TimeAvailable": 86,
		"PreferBikeLanes": "True",
		"PreferBikeTrials": "True",
		"StartLocation": "-13.09355, -8.21046",
		"EndLocation": "-63.24162, 96.64435",
		"ReturnRoute": "True",
		"ReducedTraffic": "True",
		"RouteLocationPreference": "City"
	},
	{
		"UserID": "84798276099",
		"ElevationAvg": 660,
		"ElevationMax": 605,
		"ElevationMin": 62,
		"CycleType": "road",
		"CyclistLevel": "Casual",
		"TimeAvailable": 149,
		"PreferBikeLanes": "True",
		"PreferBikeTrials": "True",
		"StartLocation": "-85.19951, 137.35",
		"EndLocation": "-2.77407, 138.12485",
		"ReturnRoute": "True",
		"ReducedTraffic": "True",
		"RouteLocationPreference": "City"
	},
	{
		"UserID": "48316051399",
		"ElevationAvg": 565,
		"ElevationMax": 644,
		"ElevationMin": 9,
		"CycleType": "road",
		"CyclistLevel": "Casual",
		"TimeAvailable": 126,
		"PreferBikeLanes": "True",
		"PreferBikeTrials": "True",
		"StartLocation": "-2.20239, -90.46902",
		"EndLocation": "84.18385, -13.64606",
		"ReturnRoute": "True",
		"ReducedTraffic": "True",
		"RouteLocationPreference": "City"
	},
	{
		"UserID": "68638213299",
		"ElevationAvg": 215,
		"ElevationMax": 574,
		"ElevationMin": 6,
		"CycleType": "road",
		"CyclistLevel": "Casual",
		"TimeAvailable": 78,
		"PreferBikeLanes": "True",
		"PreferBikeTrials": "True",
		"StartLocation": "8.43351, 12.24169",
		"EndLocation": "16.58344, -121.2405",
		"ReturnRoute": "True",
		"ReducedTraffic": "True",
		"RouteLocationPreference": "City"
	},
	{
		"UserID": "81975910999",
		"ElevationAvg": 600,
		"ElevationMax": 842,
		"ElevationMin": 41,
		"CycleType": "road",
		"CyclistLevel": "Casual",
		"TimeAvailable": 7,
		"PreferBikeLanes": "True",
		"PreferBikeTrials": "True",
		"StartLocation": "-0.04306, -173.76935",
		"EndLocation": "76.92488, -17.08421",
		"ReturnRoute": "True",
		"ReducedTraffic": "True",
		"RouteLocationPreference": "City"
	},
	{
		"UserID": "60355252999",
		"ElevationAvg": 152,
		"ElevationMax": 948,
		"ElevationMin": 96,
		"CycleType": "road",
		"CyclistLevel": "Casual",
		"TimeAvailable": 54,
		"PreferBikeLanes": "True",
		"PreferBikeTrials": "True",
		"StartLocation": "-32.4202, 121.82858",
		"EndLocation": "-83.65715, -141.5229",
		"ReturnRoute": "True",
		"ReducedTraffic": "True",
		"RouteLocationPreference": "City"
	},
	{
		"UserID": "21321446299",
		"ElevationAvg": 822,
		"ElevationMax": 829,
		"ElevationMin": 91,
		"CycleType": "road",
		"CyclistLevel": "Casual",
		"TimeAvailable": 114,
		"PreferBikeLanes": "True",
		"PreferBikeTrials": "True",
		"StartLocation": "-26.78693, -139.31725",
		"EndLocation": "75.72518, -120.45127",
		"ReturnRoute": "True",
		"ReducedTraffic": "True",
		"RouteLocationPreference": "City"
	},
	{
		"UserID": "21624334799",
		"ElevationAvg": 485,
		"ElevationMax": 451,
		"ElevationMin": 71,
		"CycleType": "road",
		"CyclistLevel": "Casual",
		"TimeAvailable": 105,
		"PreferBikeLanes": "True",
		"PreferBikeTrials": "True",
		"StartLocation": "-49.54959, -68.20336",
		"EndLocation": "47.97794, -142.81407",
		"ReturnRoute": "True",
		"ReducedTraffic": "True",
		"RouteLocationPreference": "City"
	},
	{
		"UserID": "06780063499",
		"ElevationAvg": 252,
		"ElevationMax": 120,
		"ElevationMin": 30,
		"CycleType": "road",
		"CyclistLevel": "Casual",
		"TimeAvailable": 89,
		"PreferBikeLanes": "True",
		"PreferBikeTrials": "True",
		"StartLocation": "-1.40665, -162.80285",
		"EndLocation": "85.91189, -91.2739",
		"ReturnRoute": "True",
		"ReducedTraffic": "True",
		"RouteLocationPreference": "City"
	},
	{
		"UserID": "73635703799",
		"ElevationAvg": 337,
		"ElevationMax": 189,
		"ElevationMin": 28,
		"CycleType": "road",
		"CyclistLevel": "Casual",
		"TimeAvailable": 28,
		"PreferBikeLanes": "True",
		"PreferBikeTrials": "True",
		"StartLocation": "64.09934, 22.73064",
		"EndLocation": "-52.47769, 82.45448",
		"ReturnRoute": "True",
		"ReducedTraffic": "True",
		"RouteLocationPreference": "City"
	},
	{
		"UserID": "43358486699",
		"ElevationAvg": 645,
		"ElevationMax": 559,
		"ElevationMin": 11,
		"CycleType": "road",
		"CyclistLevel": "Casual",
		"TimeAvailable": 54,
		"PreferBikeLanes": "True",
		"PreferBikeTrials": "True",
		"StartLocation": "0.13809, 117.63896",
		"EndLocation": "-48.62102, 35.47813",
		"ReturnRoute": "True",
		"ReducedTraffic": "True",
		"RouteLocationPreference": "City"
	},
	{
		"UserID": "47501739099",
		"ElevationAvg": 230,
		"ElevationMax": 923,
		"ElevationMin": 77,
		"CycleType": "road",
		"CyclistLevel": "Casual",
		"TimeAvailable": 154,
		"PreferBikeLanes": "True",
		"PreferBikeTrials": "True",
		"StartLocation": "-63.15101, 104.32384",
		"EndLocation": "41.46081, 21.59366",
		"ReturnRoute": "True",
		"ReducedTraffic": "True",
		"RouteLocationPreference": "City"
	},
	{
		"UserID": "38443055899",
		"ElevationAvg": 430,
		"ElevationMax": 209,
		"ElevationMin": 40,
		"CycleType": "road",
		"CyclistLevel": "Casual",
		"TimeAvailable": 33,
		"PreferBikeLanes": "True",
		"PreferBikeTrials": "True",
		"StartLocation": "72.62979, -94.36805",
		"EndLocation": "-47.29086, -59.08488",
		"ReturnRoute": "True",
		"ReducedTraffic": "True",
		"RouteLocationPreference": "City"
	},
	{
		"UserID": "72858595499",
		"ElevationAvg": 988,
		"ElevationMax": 785,
		"ElevationMin": 84,
		"CycleType": "road",
		"CyclistLevel": "Casual",
		"TimeAvailable": 156,
		"PreferBikeLanes": "True",
		"PreferBikeTrials": "True",
		"StartLocation": "-70.96679, -17.62082",
		"EndLocation": "10.90039, -103.91237",
		"ReturnRoute": "True",
		"ReducedTraffic": "True",
		"RouteLocationPreference": "City"
	},
	{
		"UserID": "51411345399",
		"ElevationAvg": 557,
		"ElevationMax": 728,
		"ElevationMin": 98,
		"CycleType": "road",
		"CyclistLevel": "Casual",
		"TimeAvailable": 168,
		"PreferBikeLanes": "True",
		"PreferBikeTrials": "True",
		"StartLocation": "-42.4882, -130.19223",
		"EndLocation": "-38.56505, 94.12101",
		"ReturnRoute": "True",
		"ReducedTraffic": "True",
		"RouteLocationPreference": "City"
	},
	{
		"UserID": "33841846199",
		"ElevationAvg": 588,
		"ElevationMax": 444,
		"ElevationMin": 87,
		"CycleType": "road",
		"CyclistLevel": "Casual",
		"TimeAvailable": 94,
		"PreferBikeLanes": "True",
		"PreferBikeTrials": "True",
		"StartLocation": "-8.88166, 149.34653",
		"EndLocation": "-71.95874, 152.40863",
		"ReturnRoute": "True",
		"ReducedTraffic": "True",
		"RouteLocationPreference": "City"
	},
	{
		"UserID": "72849961799",
		"ElevationAvg": 389,
		"ElevationMax": 823,
		"ElevationMin": 50,
		"CycleType": "road",
		"CyclistLevel": "Casual",
		"TimeAvailable": 58,
		"PreferBikeLanes": "True",
		"PreferBikeTrials": "True",
		"StartLocation": "57.52818, 47.3787",
		"EndLocation": "-77.59929, -40.4379",
		"ReturnRoute": "True",
		"ReducedTraffic": "True",
		"RouteLocationPreference": "City"
	},
	{
		"UserID": "14834479099",
		"ElevationAvg": 868,
		"ElevationMax": 331,
		"ElevationMin": 83,
		"CycleType": "road",
		"CyclistLevel": "Casual",
		"TimeAvailable": 53,
		"PreferBikeLanes": "True",
		"PreferBikeTrials": "True",
		"StartLocation": "1.63894, -47.93962",
		"EndLocation": "-41.93335, 36.58446",
		"ReturnRoute": "True",
		"ReducedTraffic": "True",
		"RouteLocationPreference": "City"
	},
	{
		"UserID": "97686103599",
		"ElevationAvg": 965,
		"ElevationMax": 865,
		"ElevationMin": 51,
		"CycleType": "road",
		"CyclistLevel": "Casual",
		"TimeAvailable": 53,
		"PreferBikeLanes": "True",
		"PreferBikeTrials": "True",
		"StartLocation": "-71.11165, 64.64294",
		"EndLocation": "-62.40863, -121.18737",
		"ReturnRoute": "True",
		"ReducedTraffic": "True",
		"RouteLocationPreference": "City"
	},
	{
		"UserID": "31658244299",
		"ElevationAvg": 322,
		"ElevationMax": 469,
		"ElevationMin": 15,
		"CycleType": "road",
		"CyclistLevel": "Casual",
		"TimeAvailable": 7,
		"PreferBikeLanes": "True",
		"PreferBikeTrials": "True",
		"StartLocation": "-70.10386, 33.96204",
		"EndLocation": "-79.01568, 131.24324",
		"ReturnRoute": "True",
		"ReducedTraffic": "True",
		"RouteLocationPreference": "City"
	},
	{
		"UserID": "29394042099",
		"ElevationAvg": 326,
		"ElevationMax": 646,
		"ElevationMin": 59,
		"CycleType": "road",
		"CyclistLevel": "Casual",
		"TimeAvailable": 159,
		"PreferBikeLanes": "True",
		"PreferBikeTrials": "True",
		"StartLocation": "88.11247, 30.41728",
		"EndLocation": "32.15721, 18.54025",
		"ReturnRoute": "True",
		"ReducedTraffic": "True",
		"RouteLocationPreference": "City"
	},
	{
		"UserID": "73890951299",
		"ElevationAvg": 610,
		"ElevationMax": 810,
		"ElevationMin": 68,
		"CycleType": "road",
		"CyclistLevel": "Casual",
		"TimeAvailable": 76,
		"PreferBikeLanes": "True",
		"PreferBikeTrials": "True",
		"StartLocation": "-26.10689, -74.31744",
		"EndLocation": "-57.73236, 50.21044",
		"ReturnRoute": "True",
		"ReducedTraffic": "True",
		"RouteLocationPreference": "City"
	},
	{
		"UserID": "30739528199",
		"ElevationAvg": 880,
		"ElevationMax": 559,
		"ElevationMin": 89,
		"CycleType": "road",
		"CyclistLevel": "Casual",
		"TimeAvailable": 137,
		"PreferBikeLanes": "True",
		"PreferBikeTrials": "True",
		"StartLocation": "-88.2028, 32.81519",
		"EndLocation": "-60.05157, -87.78637",
		"ReturnRoute": "True",
		"ReducedTraffic": "True",
		"RouteLocationPreference": "City"
	},
	{
		"UserID": "02765721299",
		"ElevationAvg": 799,
		"ElevationMax": 434,
		"ElevationMin": 8,
		"CycleType": "road",
		"CyclistLevel": "Casual",
		"TimeAvailable": 148,
		"PreferBikeLanes": "True",
		"PreferBikeTrials": "True",
		"StartLocation": "22.17858, 77.47582",
		"EndLocation": "9.14339, 163.50247",
		"ReturnRoute": "True",
		"ReducedTraffic": "True",
		"RouteLocationPreference": "City"
	},
	{
		"UserID": "27973537899",
		"ElevationAvg": 292,
		"ElevationMax": 145,
		"ElevationMin": 10,
		"CycleType": "road",
		"CyclistLevel": "Casual",
		"TimeAvailable": 133,
		"PreferBikeLanes": "True",
		"PreferBikeTrials": "True",
		"StartLocation": "5.17308, 40.86733",
		"EndLocation": "-74.987, -4.0658",
		"ReturnRoute": "True",
		"ReducedTraffic": "True",
		"RouteLocationPreference": "City"
	},
	{
		"UserID": "21817237099",
		"ElevationAvg": 940,
		"ElevationMax": 349,
		"ElevationMin": 63,
		"CycleType": "road",
		"CyclistLevel": "Casual",
		"TimeAvailable": 140,
		"PreferBikeLanes": "True",
		"PreferBikeTrials": "True",
		"StartLocation": "-13.8241, 95.15976",
		"EndLocation": "28.7147, -8.01311",
		"ReturnRoute": "True",
		"ReducedTraffic": "True",
		"RouteLocationPreference": "City"
	},
	{
		"UserID": "11466693399",
		"ElevationAvg": 799,
		"ElevationMax": 404,
		"ElevationMin": 66,
		"CycleType": "road",
		"CyclistLevel": "Intermediate",
		"TimeAvailable": 59,
		"PreferBikeLanes": "True",
		"PreferBikeTrials": "True",
		"StartLocation": "32.03358, 35.22302",
		"EndLocation": "5.35846, 147.08683",
		"ReturnRoute": "True",
		"ReducedTraffic": "True",
		"RouteLocationPreference": "Country"
	},
	{
		"UserID": "91840370999",
		"ElevationAvg": 782,
		"ElevationMax": 777,
		"ElevationMin": 77,
		"CycleType": "road",
		"CyclistLevel": "Intermediate",
		"TimeAvailable": 56,
		"PreferBikeLanes": "True",
		"PreferBikeTrials": "True",
		"StartLocation": "-31.49736, 162.41051",
		"EndLocation": "84.30964, -32.70803",
		"ReturnRoute": "True",
		"ReducedTraffic": "True",
		"RouteLocationPreference": "Country"
	},
	{
		"UserID": "64634851399",
		"ElevationAvg": 607,
		"ElevationMax": 418,
		"ElevationMin": 2,
		"CycleType": "road",
		"CyclistLevel": "Intermediate",
		"TimeAvailable": 55,
		"PreferBikeLanes": "True",
		"PreferBikeTrials": "True",
		"StartLocation": "-38.56889, 96.61722",
		"EndLocation": "-31.91258, 157.82519",
		"ReturnRoute": "True",
		"ReducedTraffic": "True",
		"RouteLocationPreference": "Country"
	},
	{
		"UserID": "55509554599",
		"ElevationAvg": 842,
		"ElevationMax": 148,
		"ElevationMin": 59,
		"CycleType": "road",
		"CyclistLevel": "Intermediate",
		"TimeAvailable": 60,
		"PreferBikeLanes": "True",
		"PreferBikeTrials": "True",
		"StartLocation": "2.88265, -179.75092",
		"EndLocation": "-88.59756, -150.55426",
		"ReturnRoute": "True",
		"ReducedTraffic": "True",
		"RouteLocationPreference": "Country"
	},
	{
		"UserID": "70446888499",
		"ElevationAvg": 864,
		"ElevationMax": 932,
		"ElevationMin": 63,
		"CycleType": "road",
		"CyclistLevel": "Intermediate",
		"TimeAvailable": 153,
		"PreferBikeLanes": "True",
		"PreferBikeTrials": "True",
		"StartLocation": "12.26096, 42.55251",
		"EndLocation": "24.12031, -152.77646",
		"ReturnRoute": "True",
		"ReducedTraffic": "True",
		"RouteLocationPreference": "Country"
	},
	{
		"UserID": "36269211999",
		"ElevationAvg": 397,
		"ElevationMax": 216,
		"ElevationMin": 0,
		"CycleType": "road",
		"CyclistLevel": "Intermediate",
		"TimeAvailable": 70,
		"PreferBikeLanes": "True",
		"PreferBikeTrials": "True",
		"StartLocation": "8.32172, 34.71866",
		"EndLocation": "74.87669, 100.16446",
		"ReturnRoute": "True",
		"ReducedTraffic": "True",
		"RouteLocationPreference": "Country"
	},
	{
		"UserID": "66720733999",
		"ElevationAvg": 373,
		"ElevationMax": 419,
		"ElevationMin": 16,
		"CycleType": "road",
		"CyclistLevel": "Intermediate",
		"TimeAvailable": 130,
		"PreferBikeLanes": "True",
		"PreferBikeTrials": "True",
		"StartLocation": "-22.71934, 86.2198",
		"EndLocation": "-66.83604, -53.64022",
		"ReturnRoute": "True",
		"ReducedTraffic": "True",
		"RouteLocationPreference": "Country"
	},
	{
		"UserID": "80492301999",
		"ElevationAvg": 976,
		"ElevationMax": 371,
		"ElevationMin": 7,
		"CycleType": "road",
		"CyclistLevel": "Intermediate",
		"TimeAvailable": 36,
		"PreferBikeLanes": "True",
		"PreferBikeTrials": "True",
		"StartLocation": "-56.77169, -98.04001",
		"EndLocation": "-31.53545, 21.46132",
		"ReturnRoute": "True",
		"ReducedTraffic": "True",
		"RouteLocationPreference": "Country"
	},
	{
		"UserID": "96343868399",
		"ElevationAvg": 822,
		"ElevationMax": 412,
		"ElevationMin": 48,
		"CycleType": "road",
		"CyclistLevel": "Intermediate",
		"TimeAvailable": 53,
		"PreferBikeLanes": "True",
		"PreferBikeTrials": "True",
		"StartLocation": "74.82913, 50.53748",
		"EndLocation": "52.63833, 133.50091",
		"ReturnRoute": "True",
		"ReducedTraffic": "True",
		"RouteLocationPreference": "Country"
	},
	{
		"UserID": "64925280499",
		"ElevationAvg": 129,
		"ElevationMax": 969,
		"ElevationMin": 7,
		"CycleType": "road",
		"CyclistLevel": "Intermediate",
		"TimeAvailable": 104,
		"PreferBikeLanes": "True",
		"PreferBikeTrials": "True",
		"StartLocation": "-59.41316, -114.09558",
		"EndLocation": "83.30883, 61.93805",
		"ReturnRoute": "True",
		"ReducedTraffic": "True",
		"RouteLocationPreference": "Country"
	},
	{
		"UserID": "29514341499",
		"ElevationAvg": 770,
		"ElevationMax": 507,
		"ElevationMin": 88,
		"CycleType": "road",
		"CyclistLevel": "Intermediate",
		"TimeAvailable": 170,
		"PreferBikeLanes": "True",
		"PreferBikeTrials": "True",
		"StartLocation": "-68.65, -3.91236",
		"EndLocation": "-27.59378, -94.03527",
		"ReturnRoute": "True",
		"ReducedTraffic": "True",
		"RouteLocationPreference": "Country"
	},
	{
		"UserID": "00860323199",
		"ElevationAvg": 481,
		"ElevationMax": 851,
		"ElevationMin": 66,
		"CycleType": "road",
		"CyclistLevel": "Intermediate",
		"TimeAvailable": 80,
		"PreferBikeLanes": "True",
		"PreferBikeTrials": "True",
		"StartLocation": "73.25761, -44.12509",
		"EndLocation": "-36.33341, 93.36842",
		"ReturnRoute": "True",
		"ReducedTraffic": "True",
		"RouteLocationPreference": "Country"
	},
	{
		"UserID": "47609436299",
		"ElevationAvg": 549,
		"ElevationMax": 217,
		"ElevationMin": 95,
		"CycleType": "road",
		"CyclistLevel": "Intermediate",
		"TimeAvailable": 81,
		"PreferBikeLanes": "True",
		"PreferBikeTrials": "True",
		"StartLocation": "71.45381, -23.70864",
		"EndLocation": "76.63967, 12.66462",
		"ReturnRoute": "True",
		"ReducedTraffic": "True",
		"RouteLocationPreference": "Country"
	},
	{
		"UserID": "79796266399",
		"ElevationAvg": 416,
		"ElevationMax": 339,
		"ElevationMin": 47,
		"CycleType": "road",
		"CyclistLevel": "Intermediate",
		"TimeAvailable": 15,
		"PreferBikeLanes": "True",
		"PreferBikeTrials": "True",
		"StartLocation": "22.40575, 179.41046",
		"EndLocation": "-83.78599, 21.57344",
		"ReturnRoute": "True",
		"ReducedTraffic": "True",
		"RouteLocationPreference": "Country"
	},
	{
		"UserID": "83227567199",
		"ElevationAvg": 538,
		"ElevationMax": 507,
		"ElevationMin": 67,
		"CycleType": "road",
		"CyclistLevel": "Intermediate",
		"TimeAvailable": 15,
		"PreferBikeLanes": "True",
		"PreferBikeTrials": "True",
		"StartLocation": "41.28206, 81.6016",
		"EndLocation": "13.42217, 153.8504",
		"ReturnRoute": "True",
		"ReducedTraffic": "True",
		"RouteLocationPreference": "Country"
	},
	{
		"UserID": "80708236399",
		"ElevationAvg": 373,
		"ElevationMax": 921,
		"ElevationMin": 7,
		"CycleType": "road",
		"CyclistLevel": "Intermediate",
		"TimeAvailable": 147,
		"PreferBikeLanes": "True",
		"PreferBikeTrials": "True",
		"StartLocation": "-84.73879, 111.75482",
		"EndLocation": "-33.7369, -16.11068",
		"ReturnRoute": "True",
		"ReducedTraffic": "True",
		"RouteLocationPreference": "Country"
	},
	{
		"UserID": "66201504599",
		"ElevationAvg": 558,
		"ElevationMax": 213,
		"ElevationMin": 44,
		"CycleType": "road",
		"CyclistLevel": "Intermediate",
		"TimeAvailable": 12,
		"PreferBikeLanes": "True",
		"PreferBikeTrials": "True",
		"StartLocation": "-85.14114, -114.25687",
		"EndLocation": "75.33121, 161.09451",
		"ReturnRoute": "True",
		"ReducedTraffic": "True",
		"RouteLocationPreference": "Country"
	},
	{
		"UserID": "60808006399",
		"ElevationAvg": 277,
		"ElevationMax": 553,
		"ElevationMin": 22,
		"CycleType": "mountain",
		"CyclistLevel": "Intermediate",
		"TimeAvailable": 60,
		"PreferBikeLanes": "False",
		"PreferBikeTrials": "False",
		"StartLocation": "-46.52504, -144.3379",
		"EndLocation": "44.48913, 125.40388",
		"ReturnRoute": "False",
		"ReducedTraffic": "False",
		"RouteLocationPreference": "Country"
	},
	{
		"UserID": "88914851699",
		"ElevationAvg": 704,
		"ElevationMax": 865,
		"ElevationMin": 27,
		"CycleType": "mountain",
		"CyclistLevel": "Intermediate",
		"TimeAvailable": 91,
		"PreferBikeLanes": "False",
		"PreferBikeTrials": "False",
		"StartLocation": "-32.28315, -175.09112",
		"EndLocation": "-56.73745, 130.83139",
		"ReturnRoute": "False",
		"ReducedTraffic": "False",
		"RouteLocationPreference": "Country"
	},
	{
		"UserID": "71678225999",
		"ElevationAvg": 567,
		"ElevationMax": 729,
		"ElevationMin": 33,
		"CycleType": "mountain",
		"CyclistLevel": "Intermediate",
		"TimeAvailable": 16,
		"PreferBikeLanes": "False",
		"PreferBikeTrials": "False",
		"StartLocation": "58.08745, -77.03106",
		"EndLocation": "83.78412, 131.82195",
		"ReturnRoute": "False",
		"ReducedTraffic": "False",
		"RouteLocationPreference": "Country"
	},
	{
		"UserID": "81980164499",
		"ElevationAvg": 488,
		"ElevationMax": 211,
		"ElevationMin": 21,
		"CycleType": "mountain",
		"CyclistLevel": "Intermediate",
		"TimeAvailable": 56,
		"PreferBikeLanes": "False",
		"PreferBikeTrials": "False",
		"StartLocation": "-58.85521, 129.62071",
		"EndLocation": "-34.97374, 143.93438",
		"ReturnRoute": "False",
		"ReducedTraffic": "False",
		"RouteLocationPreference": "Country"
	},
	{
		"UserID": "27596866699",
		"ElevationAvg": 133,
		"ElevationMax": 376,
		"ElevationMin": 67,
		"CycleType": "mountain",
		"CyclistLevel": "Intermediate",
		"TimeAvailable": 136,
		"PreferBikeLanes": "False",
		"PreferBikeTrials": "False",
		"StartLocation": "-82.80081, -69.50853",
		"EndLocation": "-75.48677, -100.8486",
		"ReturnRoute": "False",
		"ReducedTraffic": "False",
		"RouteLocationPreference": "Country"
	},
	{
		"UserID": "10831269799",
		"ElevationAvg": 273,
		"ElevationMax": 285,
		"ElevationMin": 16,
		"CycleType": "mountain",
		"CyclistLevel": "Intermediate",
		"TimeAvailable": 63,
		"PreferBikeLanes": "False",
		"PreferBikeTrials": "False",
		"StartLocation": "31.67735, -170.64824",
		"EndLocation": "55.92682, 169.60635",
		"ReturnRoute": "False",
		"ReducedTraffic": "False",
		"RouteLocationPreference": "Country"
	},
	{
		"UserID": "61408692399",
		"ElevationAvg": 786,
		"ElevationMax": 847,
		"ElevationMin": 51,
		"CycleType": "mountain",
		"CyclistLevel": "Intermediate",
		"TimeAvailable": 15,
		"PreferBikeLanes": "False",
		"PreferBikeTrials": "False",
		"StartLocation": "10.52246, 34.63799",
		"EndLocation": "34.07088, -163.90437",
		"ReturnRoute": "False",
		"ReducedTraffic": "False",
		"RouteLocationPreference": "Country"
	},
	{
		"UserID": "30573408099",
		"ElevationAvg": 494,
		"ElevationMax": 764,
		"ElevationMin": 38,
		"CycleType": "mountain",
		"CyclistLevel": "Intermediate",
		"TimeAvailable": 69,
		"PreferBikeLanes": "False",
		"PreferBikeTrials": "False",
		"StartLocation": "43.94363, -129.68778",
		"EndLocation": "-50.39917, -25.59919",
		"ReturnRoute": "False",
		"ReducedTraffic": "False",
		"RouteLocationPreference": "Country"
	},
	{
		"UserID": "56494642499",
		"ElevationAvg": 788,
		"ElevationMax": 990,
		"ElevationMin": 12,
		"CycleType": "mountain",
		"CyclistLevel": "Intermediate",
		"TimeAvailable": 103,
		"PreferBikeLanes": "False",
		"PreferBikeTrials": "False",
		"StartLocation": "10.53623, 115.61028",
		"EndLocation": "-31.8748, -168.46626",
		"ReturnRoute": "False",
		"ReducedTraffic": "False",
		"RouteLocationPreference": "Country"
	},
	{
		"UserID": "25590051299",
		"ElevationAvg": 779,
		"ElevationMax": 449,
		"ElevationMin": 87,
		"CycleType": "mountain",
		"CyclistLevel": "Intermediate",
		"TimeAvailable": 120,
		"PreferBikeLanes": "False",
		"PreferBikeTrials": "False",
		"StartLocation": "70.61616, -155.5949",
		"EndLocation": "-64.10049, 165.43899",
		"ReturnRoute": "False",
		"ReducedTraffic": "False",
		"RouteLocationPreference": "Country"
	},
	{
		"UserID": "96403901099",
		"ElevationAvg": 309,
		"ElevationMax": 342,
		"ElevationMin": 9,
		"CycleType": "mountain",
		"CyclistLevel": "Intermediate",
		"TimeAvailable": 119,
		"PreferBikeLanes": "False",
		"PreferBikeTrials": "False",
		"StartLocation": "-53.44679, 175.23117",
		"EndLocation": "-71.45333, -128.37276",
		"ReturnRoute": "False",
		"ReducedTraffic": "False",
		"RouteLocationPreference": "Country"
	},
	{
		"UserID": "35634896299",
		"ElevationAvg": 592,
		"ElevationMax": 935,
		"ElevationMin": 56,
		"CycleType": "mountain",
		"CyclistLevel": "Intermediate",
		"TimeAvailable": 140,
		"PreferBikeLanes": "False",
		"PreferBikeTrials": "False",
		"StartLocation": "84.30345, -0.80357",
		"EndLocation": "-74.81771, 84.69566",
		"ReturnRoute": "False",
		"ReducedTraffic": "False",
		"RouteLocationPreference": "Country"
	},
	{
		"UserID": "91913494999",
		"ElevationAvg": 617,
		"ElevationMax": 941,
		"ElevationMin": 3,
		"CycleType": "mountain",
		"CyclistLevel": "Intermediate",
		"TimeAvailable": 35,
		"PreferBikeLanes": "False",
		"PreferBikeTrials": "False",
		"StartLocation": "38.20642, 171.96262",
		"EndLocation": "10.48989, 93.03528",
		"ReturnRoute": "False",
		"ReducedTraffic": "False",
		"RouteLocationPreference": "Country"
	},
	{
		"UserID": "99480623499",
		"ElevationAvg": 120,
		"ElevationMax": 449,
		"ElevationMin": 31,
		"CycleType": "mountain",
		"CyclistLevel": "Intermediate",
		"TimeAvailable": 79,
		"PreferBikeLanes": "False",
		"PreferBikeTrials": "False",
		"StartLocation": "76.90557, -26.27493",
		"EndLocation": "12.21465, -7.00586",
		"ReturnRoute": "False",
		"ReducedTraffic": "False",
		"RouteLocationPreference": "Country"
	},
	{
		"UserID": "18278239099",
		"ElevationAvg": 399,
		"ElevationMax": 928,
		"ElevationMin": 89,
		"CycleType": "mountain",
		"CyclistLevel": "Intermediate",
		"TimeAvailable": 78,
		"PreferBikeLanes": "False",
		"PreferBikeTrials": "False",
		"StartLocation": "-74.83091, 121.14809",
		"EndLocation": "77.41798, -173.48805",
		"ReturnRoute": "False",
		"ReducedTraffic": "False",
		"RouteLocationPreference": "Country"
	},
	{
		"UserID": "29527391399",
		"ElevationAvg": 994,
		"ElevationMax": 469,
		"ElevationMin": 4,
		"CycleType": "mountain",
		"CyclistLevel": "Intermediate",
		"TimeAvailable": 11,
		"PreferBikeLanes": "False",
		"PreferBikeTrials": "False",
		"StartLocation": "85.30773, 42.10233",
		"EndLocation": "66.90992, -158.08507",
		"ReturnRoute": "False",
		"ReducedTraffic": "False",
		"RouteLocationPreference": "Country"
	},
	{
		"UserID": "31996646099",
		"ElevationAvg": 257,
		"ElevationMax": 372,
		"ElevationMin": 21,
		"CycleType": "mountain",
		"CyclistLevel": "Professional",
		"TimeAvailable": 79,
		"PreferBikeLanes": "False",
		"PreferBikeTrials": "False",
		"StartLocation": "82.79087, 126.05849",
		"EndLocation": "49.92315, 28.22042",
		"ReturnRoute": "False",
		"ReducedTraffic": "False",
		"RouteLocationPreference": "All"
	},
	{
		"UserID": "04587499999",
		"ElevationAvg": 204,
		"ElevationMax": 892,
		"ElevationMin": 15,
		"CycleType": "mountain",
		"CyclistLevel": "Professional",
		"TimeAvailable": 171,
		"PreferBikeLanes": "False",
		"PreferBikeTrials": "False",
		"StartLocation": "10.91222, 77.04187",
		"EndLocation": "60.64026, -66.93141",
		"ReturnRoute": "False",
		"ReducedTraffic": "False",
		"RouteLocationPreference": "All"
	},
	{
		"UserID": "51931684399",
		"ElevationAvg": 667,
		"ElevationMax": 152,
		"ElevationMin": 6,
		"CycleType": "mountain",
		"CyclistLevel": "Professional",
		"TimeAvailable": 172,
		"PreferBikeLanes": "False",
		"PreferBikeTrials": "False",
		"StartLocation": "72.27898, 71.92449",
		"EndLocation": "8.58047, 49.82558",
		"ReturnRoute": "False",
		"ReducedTraffic": "False",
		"RouteLocationPreference": "All"
	},
	{
		"UserID": "83570144899",
		"ElevationAvg": 304,
		"ElevationMax": 447,
		"ElevationMin": 88,
		"CycleType": "mountain",
		"CyclistLevel": "Professional",
		"TimeAvailable": 58,
		"PreferBikeLanes": "False",
		"PreferBikeTrials": "False",
		"StartLocation": "1.84593, -138.33503",
		"EndLocation": "24.30362, 35.25452",
		"ReturnRoute": "False",
		"ReducedTraffic": "False",
		"RouteLocationPreference": "All"
	},
	{
		"UserID": "69217765099",
		"ElevationAvg": 460,
		"ElevationMax": 560,
		"ElevationMin": 62,
		"CycleType": "mountain",
		"CyclistLevel": "Professional",
		"TimeAvailable": 10,
		"PreferBikeLanes": "False",
		"PreferBikeTrials": "False",
		"StartLocation": "20.16842, 121.88976",
		"EndLocation": "-51.34102, 119.78343",
		"ReturnRoute": "False",
		"ReducedTraffic": "False",
		"RouteLocationPreference": "All"
	},
	{
		"UserID": "00803256399",
		"ElevationAvg": 874,
		"ElevationMax": 714,
		"ElevationMin": 70,
		"CycleType": "mountain",
		"CyclistLevel": "Professional",
		"TimeAvailable": 61,
		"PreferBikeLanes": "False",
		"PreferBikeTrials": "False",
		"StartLocation": "-8.11409, 125.63072",
		"EndLocation": "-36.45157, 96.40105",
		"ReturnRoute": "False",
		"ReducedTraffic": "False",
		"RouteLocationPreference": "All"
	},
	{
		"UserID": "71308138699",
		"ElevationAvg": 453,
		"ElevationMax": 699,
		"ElevationMin": 66,
		"CycleType": "mountain",
		"CyclistLevel": "Professional",
		"TimeAvailable": 62,
		"PreferBikeLanes": "False",
		"PreferBikeTrials": "False",
		"StartLocation": "-11.27875, 157.68641",
		"EndLocation": "-56.00153, 150.47803",
		"ReturnRoute": "False",
		"ReducedTraffic": "False",
		"RouteLocationPreference": "All"
	},
	{
		"UserID": "00837967099",
		"ElevationAvg": 968,
		"ElevationMax": 319,
		"ElevationMin": 80,
		"CycleType": "mountain",
		"CyclistLevel": "Professional",
		"TimeAvailable": 61,
		"PreferBikeLanes": "False",
		"PreferBikeTrials": "False",
		"StartLocation": "58.74091, 1.7392",
		"EndLocation": "49.85081, -48.70649",
		"ReturnRoute": "False",
		"ReducedTraffic": "False",
		"RouteLocationPreference": "All"
	},
	{
		"UserID": "25723352899",
		"ElevationAvg": 489,
		"ElevationMax": 860,
		"ElevationMin": 25,
		"CycleType": "mountain",
		"CyclistLevel": "Professional",
		"TimeAvailable": 161,
		"PreferBikeLanes": "False",
		"PreferBikeTrials": "False",
		"StartLocation": "38.02786, -160.88617",
		"EndLocation": "78.57464, -45.7866",
		"ReturnRoute": "False",
		"ReducedTraffic": "False",
		"RouteLocationPreference": "All"
	},
	{
		"UserID": "71819001299",
		"ElevationAvg": 922,
		"ElevationMax": 739,
		"ElevationMin": 12,
		"CycleType": "mountain",
		"CyclistLevel": "Professional",
		"TimeAvailable": 65,
		"PreferBikeLanes": "False",
		"PreferBikeTrials": "False",
		"StartLocation": "72.54902, 153.37277",
		"EndLocation": "-84.03658, 58.41606",
		"ReturnRoute": "False",
		"ReducedTraffic": "False",
		"RouteLocationPreference": "All"
	},
	{
		"UserID": "32273746499",
		"ElevationAvg": 887,
		"ElevationMax": 281,
		"ElevationMin": 58,
		"CycleType": "mountain",
		"CyclistLevel": "Professional",
		"TimeAvailable": 179,
		"PreferBikeLanes": "False",
		"PreferBikeTrials": "False",
		"StartLocation": "73.62934, -93.96543",
		"EndLocation": "-8.57302, -89.59151",
		"ReturnRoute": "False",
		"ReducedTraffic": "False",
		"RouteLocationPreference": "All"
	},
	{
		"UserID": "14456562699",
		"ElevationAvg": 256,
		"ElevationMax": 148,
		"ElevationMin": 51,
		"CycleType": "mountain",
		"CyclistLevel": "Professional",
		"TimeAvailable": 120,
		"PreferBikeLanes": "False",
		"PreferBikeTrials": "False",
		"StartLocation": "7.83036, -161.88918",
		"EndLocation": "59.68397, -118.145",
		"ReturnRoute": "False",
		"ReducedTraffic": "False",
		"RouteLocationPreference": "All"
	},
	{
		"UserID": "83257863599",
		"ElevationAvg": 863,
		"ElevationMax": 417,
		"ElevationMin": 49,
		"CycleType": "mountain",
		"CyclistLevel": "Professional",
		"TimeAvailable": 81,
		"PreferBikeLanes": "False",
		"PreferBikeTrials": "False",
		"StartLocation": "25.90241, -56.47309",
		"EndLocation": "63.17886, 61.88281",
		"ReturnRoute": "False",
		"ReducedTraffic": "False",
		"RouteLocationPreference": "All"
	},
	{
		"UserID": "93373322299",
		"ElevationAvg": 808,
		"ElevationMax": 747,
		"ElevationMin": 54,
		"CycleType": "mountain",
		"CyclistLevel": "Professional",
		"TimeAvailable": 87,
		"PreferBikeLanes": "False",
		"PreferBikeTrials": "False",
		"StartLocation": "-40.95788, -87.64044",
		"EndLocation": "-34.53635, 74.17719",
		"ReturnRoute": "False",
		"ReducedTraffic": "False",
		"RouteLocationPreference": "All"
	},
	{
		"UserID": "50284168999",
		"ElevationAvg": 983,
		"ElevationMax": 171,
		"ElevationMin": 98,
		"CycleType": "mountain",
		"CyclistLevel": "Professional",
		"TimeAvailable": 53,
		"PreferBikeLanes": "False",
		"PreferBikeTrials": "False",
		"StartLocation": "58.48274, -143.90435",
		"EndLocation": "50.08625, -1.57745",
		"ReturnRoute": "False",
		"ReducedTraffic": "False",
		"RouteLocationPreference": "All"
	},
	{
		"UserID": "87308350799",
		"ElevationAvg": 435,
		"ElevationMax": 847,
		"ElevationMin": 40,
		"CycleType": "mountain",
		"CyclistLevel": "Professional",
		"TimeAvailable": 47,
		"PreferBikeLanes": "False",
		"PreferBikeTrials": "False",
		"StartLocation": "-59.76124, 86.57918",
		"EndLocation": "-58.23878, -16.15433",
		"ReturnRoute": "False",
		"ReducedTraffic": "False",
		"RouteLocationPreference": "All"
	},
	{
		"UserID": "24816860499",
		"ElevationAvg": 537,
		"ElevationMax": 119,
		"ElevationMin": 17,
		"CycleType": "mountain",
		"CyclistLevel": "Professional",
		"TimeAvailable": 30,
		"PreferBikeLanes": "False",
		"PreferBikeTrials": "False",
		"StartLocation": "67.37282, -14.39817",
		"EndLocation": "26.56233, -69.96984",
		"ReturnRoute": "False",
		"ReducedTraffic": "False",
		"RouteLocationPreference": "All"
	},
	{
		"UserID": "03334659599",
		"ElevationAvg": 262,
		"ElevationMax": 610,
		"ElevationMin": 21,
		"CycleType": "mountain",
		"CyclistLevel": "Professional",
		"TimeAvailable": 36,
		"PreferBikeLanes": "False",
		"PreferBikeTrials": "False",
		"StartLocation": "5.07491, -33.66699",
		"EndLocation": "-47.87922, -140.25648",
		"ReturnRoute": "False",
		"ReducedTraffic": "False",
		"RouteLocationPreference": "All"
	},
	{
		"UserID": "70882803499",
		"ElevationAvg": 160,
		"ElevationMax": 709,
		"ElevationMin": 41,
		"CycleType": "mountain",
		"CyclistLevel": "Professional",
		"TimeAvailable": 141,
		"PreferBikeLanes": "False",
		"PreferBikeTrials": "False",
		"StartLocation": "-3.88558, -143.45133",
		"EndLocation": "19.01189, -106.37052",
		"ReturnRoute": "False",
		"ReducedTraffic": "False",
		"RouteLocationPreference": "All"
	},
	{
		"UserID": "61308165599",
		"ElevationAvg": 468,
		"ElevationMax": 688,
		"ElevationMin": 34,
		"CycleType": "mountain",
		"CyclistLevel": "Professional",
		"TimeAvailable": 11,
		"PreferBikeLanes": "False",
		"PreferBikeTrials": "False",
		"StartLocation": "13.96536, -125.09443",
		"EndLocation": "22.42459, 64.79875",
		"ReturnRoute": "False",
		"ReducedTraffic": "False",
		"RouteLocationPreference": "All"
	},
	{
		"UserID": "77523096999",
		"ElevationAvg": 427,
		"ElevationMax": 737,
		"ElevationMin": 83,
		"CycleType": "mountain",
		"CyclistLevel": "Professional",
		"TimeAvailable": 50,
		"PreferBikeLanes": "False",
		"PreferBikeTrials": "False",
		"StartLocation": "-59.96053, 103.11066",
		"EndLocation": "-87.84646, -89.47854",
		"ReturnRoute": "False",
		"ReducedTraffic": "False",
		"RouteLocationPreference": "All"
	},
	{
		"UserID": "01944518999",
		"ElevationAvg": 247,
		"ElevationMax": 277,
		"ElevationMin": 28,
		"CycleType": "mountain",
		"CyclistLevel": "Professional",
		"TimeAvailable": 100,
		"PreferBikeLanes": "False",
		"PreferBikeTrials": "False",
		"StartLocation": "56.7706, 127.81249",
		"EndLocation": "45.53241, 136.89904",
		"ReturnRoute": "False",
		"ReducedTraffic": "False",
		"RouteLocationPreference": "All"
	},
	{
		"UserID": "90858383599",
		"ElevationAvg": 754,
		"ElevationMax": 962,
		"ElevationMin": 31,
		"CycleType": "mountain",
		"CyclistLevel": "Professional",
		"TimeAvailable": 139,
		"PreferBikeLanes": "False",
		"PreferBikeTrials": "False",
		"StartLocation": "-51.17811, 167.88951",
		"EndLocation": "28.07287, -108.28297",
		"ReturnRoute": "False",
		"ReducedTraffic": "False",
		"RouteLocationPreference": "All"
	},
	{
		"UserID": "61460117899",
		"ElevationAvg": 765,
		"ElevationMax": 956,
		"ElevationMin": 84,
		"CycleType": "mountain",
		"CyclistLevel": "Professional",
		"TimeAvailable": 139,
		"PreferBikeLanes": "False",
		"PreferBikeTrials": "False",
		"StartLocation": "-46.93309, 101.21131",
		"EndLocation": "30.41144, -18.00137",
		"ReturnRoute": "False",
		"ReducedTraffic": "False",
		"RouteLocationPreference": "All"
	},
	{
		"UserID": "37809306799",
		"ElevationAvg": 142,
		"ElevationMax": 673,
		"ElevationMin": 49,
		"CycleType": "mountain",
		"CyclistLevel": "Professional",
		"TimeAvailable": 176,
		"PreferBikeLanes": "False",
		"PreferBikeTrials": "False",
		"StartLocation": "33.66407, -158.55004",
		"EndLocation": "-85.33873, 122.28489",
		"ReturnRoute": "False",
		"ReducedTraffic": "False",
		"RouteLocationPreference": "All"
	},
	{
		"UserID": "80494090499",
		"ElevationAvg": 806,
		"ElevationMax": 424,
		"ElevationMin": 72,
		"CycleType": "mountain",
		"CyclistLevel": "Professional",
		"TimeAvailable": 171,
		"PreferBikeLanes": "False",
		"PreferBikeTrials": "False",
		"StartLocation": "-6.25068, 87.64172",
		"EndLocation": "-80.63086, 147.26463",
		"ReturnRoute": "False",
		"ReducedTraffic": "False",
		"RouteLocationPreference": "All"
	},
	{
		"UserID": "47210935699",
		"ElevationAvg": 962,
		"ElevationMax": 448,
		"ElevationMin": 72,
		"CycleType": "mountain",
		"CyclistLevel": "Professional",
		"TimeAvailable": 43,
		"PreferBikeLanes": "False",
		"PreferBikeTrials": "False",
		"StartLocation": "-87.04288, 88.58293",
		"EndLocation": "-18.13195, 59.41605",
		"ReturnRoute": "False",
		"ReducedTraffic": "False",
		"RouteLocationPreference": "All"
	},
	{
		"UserID": "69936856399",
		"ElevationAvg": 245,
		"ElevationMax": 595,
		"ElevationMin": 64,
		"CycleType": "mountain",
		"CyclistLevel": "Professional",
		"TimeAvailable": 30,
		"PreferBikeLanes": "False",
		"PreferBikeTrials": "False",
		"StartLocation": "-43.00565, 9.14984",
		"EndLocation": "-54.22753, -125.66238",
		"ReturnRoute": "False",
		"ReducedTraffic": "False",
		"RouteLocationPreference": "All"
	},
	{
		"UserID": "33897331599",
		"ElevationAvg": 347,
		"ElevationMax": 922,
		"ElevationMin": 14,
		"CycleType": "mountain",
		"CyclistLevel": "Professional",
		"TimeAvailable": 122,
		"PreferBikeLanes": "False",
		"PreferBikeTrials": "False",
		"StartLocation": "-79.41407, -60.59141",
		"EndLocation": "41.30981, 109.84961",
		"ReturnRoute": "False",
		"ReducedTraffic": "False",
		"RouteLocationPreference": "All"
	},
	{
		"UserID": "55325879999",
		"ElevationAvg": 701,
		"ElevationMax": 241,
		"ElevationMin": 87,
		"CycleType": "mountain",
		"CyclistLevel": "Professional",
		"TimeAvailable": 112,
		"PreferBikeLanes": "False",
		"PreferBikeTrials": "False",
		"StartLocation": "32.62817, -167.10436",
		"EndLocation": "36.50092, -102.5024",
		"ReturnRoute": "False",
		"ReducedTraffic": "False",
		"RouteLocationPreference": "All"
	},
	{
		"UserID": "24488876799",
		"ElevationAvg": 716,
		"ElevationMax": 938,
		"ElevationMin": 27,
		"CycleType": "mountain",
		"CyclistLevel": "Professional",
		"TimeAvailable": 69,
		"PreferBikeLanes": "False",
		"PreferBikeTrials": "False",
		"StartLocation": "-28.75923, 169.77353",
		"EndLocation": "66.18246, -139.14035",
		"ReturnRoute": "False",
		"ReducedTraffic": "False",
		"RouteLocationPreference": "All"
	},
	{
		"UserID": "30772045999",
		"ElevationAvg": 147,
		"ElevationMax": 453,
		"ElevationMin": 25,
		"CycleType": "mountain",
		"CyclistLevel": "Professional",
		"TimeAvailable": 108,
		"PreferBikeLanes": "False",
		"PreferBikeTrials": "False",
		"StartLocation": "75.83786, 103.2232",
		"EndLocation": "16.06434, -101.55843",
		"ReturnRoute": "False",
		"ReducedTraffic": "False",
		"RouteLocationPreference": "All"
	},
	{
		"UserID": "71828175399",
		"ElevationAvg": 263,
		"ElevationMax": 327,
		"ElevationMin": 68,
		"CycleType": "mountain",
		"CyclistLevel": "Professional",
		"TimeAvailable": 56,
		"PreferBikeLanes": "False",
		"PreferBikeTrials": "False",
		"StartLocation": "26.16887, 105.36022",
		"EndLocation": "-74.23481, -137.03003",
		"ReturnRoute": "False",
		"ReducedTraffic": "False",
		"RouteLocationPreference": "All"
	},
	{
		"UserID": "09881830499",
		"ElevationAvg": 585,
		"ElevationMax": 836,
		"ElevationMin": 63,
		"CycleType": "mountain",
		"CyclistLevel": "Casual",
		"TimeAvailable": 67,
		"PreferBikeLanes": "False",
		"PreferBikeTrials": "False",
		"StartLocation": "71.55222, 146.97688",
		"EndLocation": "40.76588, -90.08145",
		"ReturnRoute": "False",
		"ReducedTraffic": "False",
		"RouteLocationPreference": "City"
	}
]